date_time,sentiment_1,sentiment_2,s1_no_0,s2_no_0,s1_scaled,s2_scaled
2018-01-01,0.1592196078431373,0.05614379084967321,0.25375625000000007,0.20452380952380955,0.5458136893229394,0.017779233707319514
2018-01-02,0.12910632183908022,0.010885807997876964,0.16397445255474422,0.06531484798726178,0.4476747784542682,-0.13633986088107589
2018-01-03,-0.1397482758620688,-0.054145768025078346,-0.20468181818181796,-0.08723484848484844,-0.4285197822081165,-0.3577948835040403
2018-01-04,-0.06292776025236589,0.012495970293288906,-0.08635541125541121,0.027508490159531825,-0.1781624570961947,-0.13085670101683966
2018-01-05,0.05009096385542168,0.026262810984196527,0.08940967741935484,0.06920042259327974,0.19016448305277406,-0.08397584400707672
2018-01-06,0.2227268041237114,0.06541906175153595,0.30863571428571435,0.09915076546717166,0.7527830341649066,0.04936474113345171
2018-01-07,0.06362297297297297,0.028566456066456067,0.1001723404255319,0.07829324995991663,0.23426517125008645,-0.0761311352516409
2018-01-08,0.1346366972477064,0.07404208864529967,0.19567199999999998,0.12045653227369647,0.46569821897896996,0.07872913198202669
2018-01-09,0.21563606557377044,0.05881656879095405,0.3812695652173912,0.17084812839277128,0.7296743850971178,0.026880967598000183
2018-01-10,-0.09284871794871795,0.005837927504594171,-0.17808688524590166,0.022767917267917267,-0.2756745718508569,-0.15352964094181693
2018-01-11,0.11180074074074076,0.032477553310886635,0.26479122807017547,0.07187655240933927,0.3912760552889622,-0.06281249557358279
2018-01-12,0.03957727272727273,0.01576154196182605,0.06332363636363636,0.044742441698086846,0.1559004642941724,-0.11973629932954957
2018-01-13,0.07712499999999999,0.046140365710678206,0.13340540540540538,0.13422651843106387,0.2782681481013431,-0.016285890897400124
2018-01-14,-0.20426363636363665,-0.012290285472103656,-0.27046018518518555,-0.04506438006438007,-0.6387747245970188,-0.21526247997760223
2018-01-15,0.014424770642201837,0.049583316785151654,0.031446,0.12010181176847845,0.07392870073710744,-0.004561450945058526
2018-01-16,0.03749878787878788,0.06790755498710052,0.06725326086956522,0.14365059708809724,0.14912670206643489,0.0578389218235294
2018-01-17,-0.0010034782608695735,0.06464950749733359,-0.001424691358024703,0.11616708378427128,0.023648185227966124,0.046744142568935526
2018-01-18,0.05601129032258067,0.052435086269763696,0.10366268656716422,0.13003901394901396,0.20945877034495708,0.005149811096435197
2018-01-19,0.15799746835443038,0.08766144720258644,0.29027441860465114,0.1648870078334364,0.5418307484265147,0.1251077612858832
2018-01-20,0.1267746031746032,0.05764382773311346,0.2576387096774194,0.165070961235734,0.44007572964394914,0.022887378431357602
2018-01-21,0.1097531914893617,0.00957868963188112,0.18422857142857144,0.02501102292768959,0.38460311187610347,-0.1407910512875689
2018-01-22,0.06652417582417583,0.03399467199467199,0.19528064516129034,0.0909857397504456,0.24372016357433074,-0.057646181407664185
2018-01-23,0.1453049122807019,0.06891402116402114,0.19172175925925944,0.13452394542291798,0.5004658296644962,0.06126628747587845
2018-01-24,0.0017507692307691738,0.044112794612794624,0.0022313725490195353,0.09887350516660864,0.032624251441921645,-0.023190472191769812
2018-01-25,0.03258291139240509,0.057263931128646355,0.05362604166666671,0.1391954018204019,0.13310590764786762,0.02159369901773009
2018-01-26,0.026094915254237298,0.02065401288918239,0.03665714285714287,0.0696335291692435,0.1119615903311142,-0.10307574262525801
2018-01-27,0.03975806451612901,-0.03828018084066471,0.050824742268041206,-0.056508838383838376,0.15648966300367104,-0.3037670683452825
2018-01-28,0.16450750000000003,0.04127056277056278,0.2230610169491526,0.08465756465756466,0.5630468792509858,-0.03286925526015161
2018-01-29,0.1328591463414635,0.2018972917326576,0.21788900000000017,0.34135212210469945,0.4599051975887173,0.5141203468924577
2018-01-30,0.13370652173913045,0.0668366506681724,0.20849152542372884,0.19215537067099567,0.46266678589936316,0.05419212199675691
2018-01-31,0.024651428571428564,0.049099180581323426,0.04930285714285713,0.1272941718775052,0.10725728104765724,-0.006210102269970763
2018-02-01,0.09101924882629094,0.1211162175070626,0.1457676691729321,0.30350299210593334,0.3235493720423902,0.239032832269995
2018-02-02,0.0884478571428572,0.009655341682127378,0.13607362637362647,0.016896847943722912,0.31516923115723583,-0.14053002452857744
2018-02-03,-0.17435221238938065,-0.08074314574314571,-0.20522708333333348,-0.12672188151354813,-0.541293680151419,-0.44836815951056064
2018-02-04,0.11960210526315783,0.04562998405103668,0.16466956521739123,0.20642135642135642,0.41670062759954807,-0.018023917082439278
2018-02-05,0.10566084337349395,0.06356262713190426,0.17366039603960393,0.16748247783962075,0.3712661885349373,0.043042938774802586
2018-02-06,0.04596887417218543,0.008302872624064673,0.09916142857142857,0.022795159386068464,0.1767306322282148,-0.14513564973662116
2018-02-07,0.09501074074074056,0.06822940917107574,0.15933478260869535,0.16159596908938992,0.33655760598844375,0.05893494670793892
2018-02-08,0.015269129287598954,0.040139059269666134,0.02333467741935485,0.07606351731601732,0.07668045748097975,-0.036722416273819475
2018-02-09,0.050118181818181805,0.02734011288935532,0.07938719999999998,0.07624425848017398,0.19025318613290232,-0.08030725818509865
2018-02-10,0.020555118110236217,0.049817943211643984,0.047463636363636354,0.09885748106060603,0.09390744446100244,-0.00376246676284428
2018-02-11,0.12192289156626508,0.006436394930370833,0.20239200000000004,0.021368831168831166,0.42426404794879824,-0.15149165223818015
2018-02-12,0.29858372093023244,0.09499965043569698,0.4327786516853931,0.23122556426801721,1.0,0.15009688291545548
2018-02-13,0.19681538461538464,0.048468645937395936,0.27291733333333335,0.09510828636772033,0.6683379659891575,-0.008357290949301488
2018-02-14,0.09070260869565216,0.09002468003011478,0.16047384615384616,0.17254730339105334,0.32251744488724626,0.13315538693621165
2018-02-15,0.12131020408163264,0.04572075529345937,0.28305714285714284,0.12109821672321672,0.42226730530050033,-0.017714809587687258
2018-02-16,-0.011795161290322563,0.027937962575059348,-0.02119710144927533,0.08056528742575254,-0.011521806476285333,-0.078271373100198
2018-02-17,0.14608975903614457,0.13664982440584847,0.27874597701149423,0.31949113875170204,0.5030236377286037,0.2919301396637538
2018-02-18,0.07262649572649571,0.025601697685031025,0.18079361702127655,0.10328960790167689,0.263607565729818,-0.08622716359021829
2018-02-19,0.22171904761904754,0.035378387045053715,0.32484418604651155,0.09286826599326599,0.7494987653615881,-0.05293415278209533
2018-02-20,0.09498125000000002,0.0302764531475469,0.12490684931506851,0.1162615800865801,0.3364614959466304,-0.07030800339113515
2018-02-21,0.20965315789473685,0.08817432311840205,0.31120390625,0.1861457932499599,0.7101761462344092,0.12685428127641252
2018-02-22,-0.009338842975206636,0.08068785553289691,-0.012555555555555589,0.17434340213358082,-0.003516688597095089,0.10136026821529726
2018-02-23,0.19209583333333327,0.036216968795093785,0.2794121212121211,0.09149550011392114,0.6529569935324498,-0.0500784917050706
2018-02-24,0.011515533980582544,0.1435009071295479,0.01670563380281693,0.23839666829586184,0.06444752630160874,0.3152604473750894
2018-02-25,0.23467464788732398,0.1066900595492145,0.3267039215686275,0.24435465251594288,0.791720942636005,0.18990677178839133
2018-02-26,0.17196017699115038,0.117402578247711,0.27759285714285703,0.2822657732338583,0.5873350822345115,0.22638660536780614
2018-02-27,0.08391730769230772,0.10306908369408373,0.1818208333333334,0.19850342044786495,0.30040421386042937,0.17757609584672046
2018-02-28,0.09821864406779658,0.060850392545307774,0.21462592592592586,0.15277332596481527,0.3470121322280195,0.03380684135158321
2018-03-01,0.04359647058823528,0.047594378660555124,0.07266078431372547,0.11237561628186626,0.16899899165473395,-0.011334473595205036
2018-03-02,0.13802625000000002,0.05697585227272728,0.20076545454545458,0.11994916267942585,0.47674473895680247,0.020612690814388407
2018-03-03,0.058553191489361715,0.07658699456571796,0.15288888888888894,0.12412374981340497,0.2177428019185983,0.0873954173874521
2018-03-04,0.10907818181818181,0.024260964624600985,0.17140857142857144,0.053374122174122164,0.38240326181834194,-0.09079282366470402
2018-03-05,0.09958554216867468,0.06719367730662912,0.165312,0.1467651372750057,0.35146684005600476,0.055407921261233034
2018-03-06,0.21265263157894745,0.12542215386952238,0.2845352112676058,0.21663826577462958,0.7199514022628616,0.25369603579169614
2018-03-07,0.1179284210526316,0.037611130097972206,0.18069677419354843,0.07940127465127465,0.41124610677651313,-0.04533088997448945
2018-03-08,0.026216216216216216,0.006636373386373374,0.041101694915254235,0.011474103518496022,0.11235690900521471,-0.15081065638652624
2018-03-09,0.0866712328767123,0.030733814004361967,0.18980999999999995,0.07826401473203803,0.3093792296781936,-0.06875053138927122
2018-03-10,0.09229560439560433,0.0396551860837575,0.12351323529411756,0.08201413485504393,0.3277090026266016,-0.03837017193168968
2018-03-11,0.12815593220338983,0.08419674448276145,0.18002857142857143,0.15053357346917953,0.4445774677278678,0.11330924945326432
2018-03-12,0.0837496688741722,0.019323270548436106,0.13745869565217395,0.05210381880024736,0.2998578805566207,-0.10760738084161126
2018-03-13,0.025914383561643835,0.03109581381327959,0.037834999999999994,0.056749860209235246,0.11137323927284666,-0.06751779675825038
2018-03-14,0.04441586538461542,0.05449342150904652,0.06118211920529806,0.13493609135573423,0.1716693914535925,0.012159154939188177
2018-03-15,0.07840506329113925,0.05260255508673229,0.13178723404255321,0.1259273288439955,0.2824398621154978,0.005720100376174181
2018-03-16,0.03980641025641024,-0.02701835201835202,0.06336530612244895,-0.0602123273551845,0.1566472213085236,-0.26541664368786894
2018-03-17,0.14583366336633657,0.042006932836140765,0.3592487804878048,0.19285000983864622,0.5021890243918277,-0.030361660342355296
2018-03-18,0.17388064516129037,0.05158658881441138,0.2994611111111112,0.1332653544372294,0.5935938696199232,0.0022603836111740883
2018-03-19,0.023767052023121397,0.02992378366655823,0.03237559055118112,0.06313188505261676,0.10437510634121813,-0.07150896502649835
2018-03-20,0.14617093023255814,0.08390717809322458,0.23279074074074074,0.21223580341227394,0.5032881738808145,0.11232317568314532
2018-03-21,0.037407758620689624,0.04144187487560337,0.066248854961832,0.09070297142584889,0.14883003858554666,-0.03228587825443424
2018-03-22,0.12593333333333326,0.07642687766163375,0.18011395348837198,0.17736803683737645,0.4373340392831639,0.08685016391544992
2018-03-23,0.055971641791044795,0.05379144590898324,0.08928809523809526,0.16381940345008533,0.2093295561601634,0.009768685079778516
2018-03-24,-0.12637523809523815,-0.03398824984539269,-0.2369535714285715,-0.07593119646311132,-0.38493718012126515,-0.28915155794586267
2018-03-25,0.050961538461538454,-0.050067501942501966,0.0646341463414634,-0.10013500388500393,0.19300167736171506,-0.3439069760779521
2018-03-26,0.06297887323943661,0.05026091523890819,0.12595774647887323,0.12305258558491315,0.2321660563832618,-0.002253993705317453
2018-03-27,-0.07236830357142854,0.008990254448640935,-0.11919485294117642,0.02262715726399516,-0.2089290974162347,-0.14279487673338936
2018-03-28,-0.10455695931477534,-0.016095445121141038,-0.13525789473684233,-0.032259969405892125,-0.3138316184015916,-0.22822036548024038
2018-03-29,-0.11837487437185935,-0.004186754932672027,-0.14631428571428579,-0.008589321975275602,-0.35886407131939474,-0.1876671540039205
2018-03-30,0.051817435897435926,-0.0030933264266597604,0.07956220472440949,-0.004604569871745445,0.19579103891338862,-0.18394365152490838
2018-03-31,-0.31510326086956464,0.019435097284961417,-0.366955696202531,0.051826926093230447,-1.0,-0.10722657210251005
2018-04-01,-0.103789010989011,0.022058140272425992,-0.1349257142857143,0.040145815295815304,-0.31132888215806853,-0.09829420294195133
2018-04-02,-0.08219911699779302,0.005556681658857635,-0.10314736842105329,0.014894537227588808,-0.24096762428064056,-0.15448738038070448
2018-04-03,0.038887337057728115,0.051092883812855865,0.053959948320413426,0.13383843223172487,0.15365197055059907,0.0005791472184107638
2018-04-04,0.026543288590604012,0.08149842343214818,0.0336591489361702,0.13344247353175911,0.11342283474288824,0.10412053243529368
2018-04-05,-0.01674019138755981,0.01829747766094314,-0.023017763157894736,0.03824172831137116,-0.027637612233593907,-0.11110056063208787
2018-04-06,-0.11102071428571424,-0.05000288600288598,-0.16712795698924723,-0.10145513102034837,-0.3348969339863618,-0.34368693644113923
2018-04-07,0.018689320388349525,0.05597960009246417,0.04375000000000002,0.15583510296010297,0.08782682754318955,0.017220107355539666
2018-04-08,0.20904818181818194,0.3445787230446322,0.28389259259259275,0.5338543596466133,0.7082045349912289,0.9999999999999999
2018-04-09,-0.037780813953488375,-0.003319543021577906,-0.07829277108433735,-0.007227359490017719,-0.09620879979315873,-0.18471399732012028
2018-04-10,-0.06846196078431363,0.018215661517132106,-0.12123472222222204,0.05806242108585859,-0.1961983636611906,-0.1113791729168678
2018-04-11,-0.07094545454545452,0.025214416896235083,-0.10179130434782606,0.054030893349075175,-0.2042920460588761,-0.08754598870701956
2018-04-12,-0.10143700787401573,0.013651802047471346,-0.13280927835051545,0.03181245614731855,-0.3036637265176559,-0.1269206938811605
2018-04-13,0.2276214876033055,0.0521923857822618,0.29456898395721887,0.09425789074109966,0.7687347607771907,0.004323331942195335
2018-04-14,0.0317909090909091,0.001364271776203603,0.06660952380952383,0.0018190290349381372,0.13052477972765905,-0.16876398694918385
2018-04-15,0.03995714285714286,0.02093183106575966,0.04935882352941176,0.03196861471861475,0.157138457411628,-0.10212967558611272
2018-04-16,-0.0806582781456954,-0.0005392799805051447,-0.10972432432432437,-0.0010053244081021833,-0.23594604520924262,-0.17524623946597842
2018-04-17,0.02069239999999999,-0.011550394660894657,0.04275289256198345,-0.02724149684173268,0.09435484482579805,-0.21274289570246524
2018-04-18,-0.0004016501650165146,0.030874412990749632,-0.0006508021390374541,0.08427880302880304,0.025609537232168793,-0.06827174318182787
2018-04-19,0.03656445783132531,0.031752181887724065,0.061935714285714295,0.06507237275755796,0.14608172938436037,-0.06528263630752128
2018-04-20,-0.06880697674418608,0.00861667778818941,-0.09343263157894742,0.014250659418928637,-0.197322767372218,-0.1440670345504243
2018-04-21,0.012263366336633674,0.07000697926935551,0.014075000000000011,0.14730635221260222,0.06688470479236935,0.06498818807778511
2018-04-22,0.10759180327868856,0.08125670640834576,0.1526302325581396,0.17702353896103898,0.3775591683844742,0.1032974023153097
2018-04-23,0.29490844155844126,0.05678760002623641,0.3816462184873946,0.16194982229704458,0.988022299703955,0.019971626764353045
2018-04-24,0.12698433734939757,0.10134858698864725,0.18171896551724134,0.15294423127377677,0.4407592513122083,0.17171720913158572
2018-04-25,0.14259758064516126,0.11717111869185602,0.17507029702970292,0.19117393049723877,0.49164266177652605,0.22559840547610932
2018-04-26,0.014464545454545457,0.02127303882985701,0.02014050632911393,0.06157984924432293,0.07405832646984489,-0.10096774506345957
2018-04-27,0.04088283582089551,0.014100487820637074,0.05533636363636362,0.029068697968697967,0.16015528192055864,-0.12539276354141377
2018-04-28,-0.11816435643564357,-0.24273309542492694,-0.14918250000000002,-0.3659110841480242,-0.35817799538016465,-1.0
2018-04-29,-0.02845591397849462,-0.032608411301959676,-0.038353623188405794,-0.06188943369555613,-0.06581904002460033,-0.28445273016804384
2018-04-30,-0.0011982142857143063,0.06381888614031474,-0.0023137931034483156,0.11912858746192084,0.023013542386843378,0.043915589385097625
2018-05-01,0.016371250000000007,0.0787394593253968,0.024946666666666676,0.11665105085243972,0.08027225833414042,0.09472530482369618
2018-05-02,0.06420354330708661,0.07070858350498399,0.11018716216216214,0.13922465279275917,0.23615724441224142,0.0673773933127717
2018-05-03,0.003286915887850471,0.04612435624906422,0.004186904761904767,0.08248422482423183,0.037630538694671076,-0.01634040865478395
2018-05-04,0.0348570987654321,0.036977779336575624,0.04446338582677166,0.06925318211011851,0.14051746252999128,-0.0474876685084103
2018-05-05,-0.051092499999999964,0.0061753096440596445,-0.06386562499999995,0.015766748027386326,-0.13959145721069624,-0.15238073799501556
2018-05-06,0.0967892156862745,0.011085519056107294,0.14518382352941175,0.02261445887445888,0.34235363881390174,-0.13565977561137793
2018-05-07,0.09388468899521529,0.062342046576496356,0.14643208955223877,0.11136314302980972,0.33288781412737856,0.038886439562549224
2018-05-08,0.1128872483221476,0.053456956567455145,0.1462626086956521,0.09713520156769288,0.3948169730976482,0.008629633111099516
2018-05-09,-0.07958973384030416,0.030944826227145606,-0.10845647668393778,0.10047517651529993,-0.23246366954516234,-0.06803196174313841
2018-05-10,-0.009728901734104062,0.03533406347299825,-0.013252755905511832,0.06434518927188103,-0.0047878863590338425,-0.05308508988453936
2018-05-11,-0.03689585253456228,-0.010733985676381987,-0.06019849624060162,-0.024779520125264798,-0.09332471899897042,-0.2099627405656587
2018-05-12,0.24628859649122825,0.19297092953342954,0.32647558139534905,0.2557986740326857,0.8295706899773722,0.4837229943498552
2018-05-13,0.05422800000000001,0.05185815007215008,0.06778500000000003,0.09821619331846607,0.20364704425179248,0.003185143676266433
2018-05-14,0.11514640883977895,0.08122195016462982,0.19208755760368654,0.1781960361187636,0.4021795556018616,0.10317904527694294
2018-05-15,-0.023681840193704604,0.04802464050163801,-0.03505591397849463,0.10779443764769836,-0.05026037925331005,-0.009869283120393618
2018-05-16,0.10578585858585858,0.07256326726023696,0.15867878787878786,0.13814929728391265,0.37167361191549525,0.07369323337226846
2018-05-17,0.039654026845637645,0.0766602732052756,0.05205682819383268,0.1620195845047669,0.15615060523129903,0.08764495651557175
2018-05-18,0.09125928143712575,0.07022518882046257,0.1249204918032787,0.12476177162784308,0.32433163602371456,0.0657312671177257
2018-05-19,0.11926560000000004,0.10972251082251086,0.16030322580645165,0.19877266453353415,0.41560396016765666,0.2002333178510891
2018-05-20,-0.0743454545454546,0.03811891233766234,-0.09621176470588243,0.10482700892857144,-0.21537261351699197,-0.04360171571399751
2018-05-21,0.015108018867924528,0.06924850187716601,0.02965648148148148,0.13049495464852617,0.07615540016527157,0.062405310061926456
2018-05-22,-0.008255048859934874,0.0016409999247947193,-0.011364573991031418,0.0032927253392939794,1.5386051427691144e-05,-0.16782163183257057
2018-05-23,-0.01330155642023346,0.05131738451777365,-0.019760115606936413,0.0955693320367234,-0.016431133786742533,0.0013436498143326314
2018-05-24,0.0256954802259887,0.0336466173724043,0.03887264957264957,0.0654445195045666,0.11065983539710159,-0.05883142785196242
2018-05-25,0.04505940594059406,0.04623916167126918,0.06409859154929577,0.09157167311368994,0.17376668396610853,-0.01594945646007373
2018-05-26,0.1667695238095239,0.23204164948807826,0.206009411764706,0.3337585369349071,0.5704187931960719,0.6167723174724881
2018-05-27,0.12255353535353537,0.08339899718687599,0.15554871794871797,0.16513001443001446,0.4263193100155306,0.11059264382470996
2018-05-28,0.17675760869565219,0.10934829663090534,0.23567681159420292,0.20120086580086582,0.6029698662425805,0.19895898901983672
2018-05-29,0.028273684210526322,0.07747270638718008,0.040290000000000006,0.12988071364909604,0.11906217750635203,0.09041157266854327
2018-05-30,0.06888740458015268,0.04257219672316455,0.09255641025641026,0.10424220132214122,0.25142190347126014,-0.02843674117932271
2018-05-31,0.11510917030567677,0.04388310349281967,0.16372670807453404,0.10150738080662328,0.40205819557563793,-0.023972649947271107
2018-06-01,-0.013263265306122445,0.011339672232529371,-0.017953038674033143,0.022049362674362666,-0.016306343412344444,-0.13479429608779417
2018-06-02,0.11115701754385961,0.06514104073314597,0.1348074468085106,0.18112386935557662,0.3891781675514929,0.04841798334773423
2018-06-03,0.18561121495327104,0.07582702863076694,0.2392819277108434,0.14234196602617652,0.6318236842970334,0.08480747036833242
2018-06-04,-0.0036149532710280327,0.03260889862992671,-0.005157333333333326,0.0549472780063332,0.015137413164659103,-0.06236521930598668
2018-06-05,0.04452780748663103,0.010694911891435952,0.07930190476190478,0.028168289066176383,0.17203420969264757,-0.1369899281892341
2018-06-06,0.1519913793103448,0.08107720752325127,0.2327524752475247,0.1694586679765252,0.5222569617169737,0.1026861464902108
2018-06-07,-0.030711585365853694,0.07387627315942866,-0.040948780487804926,0.15532959997623463,-0.07317025148665132,0.07816447286686329
2018-06-08,0.10010909090909091,0.05086580799525464,0.17467310344827586,0.10635578035371425,0.3531730803900617,-0.0001941245273986425
2018-06-09,0.00032352941176462064,-0.03035140050969882,0.000376712328767024,-0.05489083070902978,0.02797289053210146,-0.2767668273093469
2018-06-10,0.11281192660550458,0.04137452506718562,0.1556518987341772,0.0764376819037836,0.3945715003440235,-0.03251522766066023
2018-06-11,0.0937484848484848,0.13152602048624784,0.19038153846153835,0.21566999632527595,0.33244392611681317,0.27448181406066124
2018-06-12,0.06110103305785136,0.043476505387404156,0.0821469444444446,0.11374393841893844,0.22604619320455138,-0.025357257212539647
2018-06-13,0.06736653696498053,0.05367855739159246,0.08744040404040401,0.1169100783867734,0.24646541046985476,0.009384260609367034
2018-06-14,0.07642262773722629,0.04401011549277974,0.09649677419354839,0.10485888386975346,0.27597912361946864,-0.023540130130826592
2018-06-15,0.0858950920245399,0.05652385673858065,0.1308495327102804,0.11100468251070658,0.3068497940695184,0.01907348959305269
2018-06-16,-0.013542857142857136,0.039885907926582524,-0.0164076923076923,0.12358092783809996,-0.017217530532249496,-0.03758448420816918
2018-06-17,0.08008,0.05416396923783288,0.10875061728395062,0.11682424737571798,0.28789846481861714,0.011037255938169788
2018-06-18,-0.02854022140221401,0.05462088265363175,-0.038671999999999984,0.1080456875849212,-0.06609379711158345,0.012593204248522255
2018-06-19,-0.1351710247349825,0.04590487643491179,-0.1893732673267329,0.09993138485446182,-0.41360256459446487,-0.01708781338000931
2018-06-20,-0.00963307392996111,0.040946455943537685,-0.014824550898203627,0.08917999302956936,-0.004475584462513532,-0.03397295117374538
2018-06-21,-0.03501593406593407,0.01952964198499913,-0.04864809160305344,0.038634726535541765,-0.08719808270267858,-0.10690461467865271
2018-06-22,-0.004164534883720949,0.07027033065986557,-0.0055960937500000255,0.14388686754162952,0.013346331949016806,0.06588499070367579
2018-06-23,0.1474150793650793,-0.005852616299044869,0.1914876288659793,-0.010534709338280764,0.5073428439957723,-0.1933399884812304
2018-06-24,0.07018538461538461,0.056581432456432434,0.09310306122448977,0.10660269883095966,0.2556520079829292,0.019269554838263703
2018-06-25,0.08406777777777778,0.06271191077441077,0.1129268656716418,0.09901880648591174,0.3008945944288057,0.04014595515982844
2018-06-26,-0.054099999999999974,0.015328548122362553,-0.0667080508474576,0.025489185734900017,-0.14939287092548528,-0.12121079320434272
2018-06-27,0.026368401486988855,0.012098647119093184,0.03494137931034484,0.018283910533910486,0.11285287934607582,-0.13220972393141706
2018-06-28,0.05789347079037796,0.10665259492321348,0.07019583333333328,0.18149652118511767,0.21559277847489103,0.18977919177102115
2018-06-29,0.05894046052631573,0.07577078052612592,0.07343401639344255,0.15055109333295608,0.2190049080034243,0.08461592610556717
2018-06-30,0.09314909090909092,0.06364286534172899,0.14637714285714287,0.12070198599293427,0.3304905070052133,0.043316177648264426
2018-07-01,0.1711497991967871,0.05305001390844764,0.2291198924731182,0.11587239880003036,0.5846940687589229,0.007243852521606392
2018-07-02,0.10295745007680487,0.051303766092854315,0.16590420792079202,0.09969776634760645,0.36245585565559,0.0012972743643891171
2018-07-03,0.009336000000000007,0.05248538514395655,0.012777372262773734,0.09197205340646593,0.05734444591952052,0.005321096170602196
2018-07-04,0.1003,0.08928914581353602,0.140591452991453,0.1574561281012893,0.3537952512901163,0.13065063837353008
2018-07-05,-0.012049528301886806,0.03625300823826768,-0.015481818181818197,0.07724259041721356,-0.012350786132390289,-0.04995576492845709
2018-07-06,0.15533065326633175,0.09240956025575553,0.20203137254901973,0.14950815033248252,0.5331396235788685,0.14127672946888997
2018-07-07,-0.04769235668789812,0.14847814248906158,-0.05629849624060154,0.21191880337075153,-0.12851042269981242,0.3322096563063298
2018-07-08,0.17110202702702706,0.2098999070092821,0.2146025423728814,0.33048070465291224,0.5845383797149092,0.5413720214713144
2018-07-09,0.09065372340425533,0.06910206800052925,0.12814210526315792,0.12141297929064952,0.32235812819047205,0.06190665203383383
2018-07-10,0.10074723127035833,0.04402807098886671,0.19330875000000003,0.11079194912772197,0.3552527737196998,-0.02347898545257457
2018-07-11,0.08220882352941175,0.049393488666510374,0.13102031249999999,0.08539213294888234,0.29483628032569675,-0.0052078813851471895
2018-07-12,0.07057204968944082,0.00846597828130664,0.10520462962962938,0.014577780783854214,0.2569121457584519,-0.14458021852576286
2018-07-13,0.0316666666666667,0.02481656839410003,0.041464088397790096,0.03722485259115005,0.130119874856195,-0.08890080054503699
2018-07-14,-0.0038656488549618385,-0.05628025070773159,-0.005115151515151524,-0.07157973633701785,0.01432039865606198,-0.36506353574473716
2018-07-15,0.02454333333333333,0.1009129871084236,0.03712436974789916,0.13865906625584923,0.1069049997012998,0.17023384078610015
2018-07-16,0.11900165289256201,0.08406915612700741,0.15651304347826092,0.14531954130525565,0.4147437590707915,0.11287476694587495
2018-07-17,0.15856519823788548,0.06544385552039736,0.19996833333333336,0.12697226669342052,0.5436809746828712,0.049449172497104565
2018-07-18,0.1078641414141414,0.07234986316993892,0.1386824675324675,0.13643117054902767,0.3784467157613279,0.07296651858946662
2018-07-19,0.13154385964912263,0.056771318327082765,0.17369884169884148,0.11421053451683709,0.4556186908471747,0.019916181943930134
2018-07-20,0.09379147540983619,0.060332354576207,0.12827982062780288,0.1051506751185322,0.3325840319447886,0.03204274278312361
2018-07-21,0.013186559139784953,0.017353265760523835,0.018866923076923087,0.025616725646487565,0.06989338130182951,-0.11431592892785883
2018-07-22,0.11717514124293789,0.07299816380783895,0.171404958677686,0.13600710519986836,0.4087911750864697,0.07517420662676647
2018-07-23,0.11212063492063463,0.011598356292233849,0.14373604651162752,0.022433662828399682,0.39231858735948355,-0.1339133873385762
2018-07-24,-0.009518407960199031,0.07142357632003157,-0.011883229813664627,0.12933458414708418,-0.004101889164543248,0.06981219129422808
2018-07-25,0.07628150470219437,0.07721074778665457,0.09851740890688261,0.11728680259020384,0.2755192049990083,0.08951951297456973
2018-07-26,0.0727828358208955,0.05142359428506816,0.08746995515695065,0.08403367846584309,0.2641170766011136,0.0017053308292704072
2018-07-27,0.08694097744360904,0.08093421685526947,0.11118413461538464,0.12232103229262319,0.31025832463994635,0.1021992137792212
2018-07-28,0.0029769230769230784,0.022239039895289896,0.0037451612903225827,0.030975805568439502,0.03662027509084406,-0.09767817711997724
2018-07-29,0.0711652173913043,0.0699153805132066,0.0917831775700934,0.09946724237961352,0.2588452736215323,0.06467626261240764
2018-07-30,0.0891910714285715,0.022054262701584136,0.12917327586206906,0.034148535796001245,0.3175913594009689,-0.09830740741262574
2018-07-31,0.07604615384615383,0.012070821594631118,0.11101925133689838,0.02153813264924376,0.2747521988117487,-0.1323044794721265
2018-08-01,0.10621907756813409,0.06523033116429346,0.16832724252491682,0.13296952121952127,0.37308546843233054,0.04872204816761189
2018-08-02,0.12164654761904761,0.04235847574926024,0.1906401119402985,0.08391773497494952,0.4233634456697438,-0.029164535060471702
2018-08-03,0.07959256965944274,0.05962068551503538,0.1122637554585153,0.1040944941694942,0.2863099340040063,0.02961926333390663
2018-08-04,0.019116049382716063,0.026375070022189362,0.0274863905325444,0.044507930662444545,0.08921753325154608,-0.0835935631318668
2018-08-05,0.15082295081967212,0.08727605803425476,0.1930111888111888,0.14134087274574,0.5184490644490671,0.12379537779141869
2018-08-06,0.11852556818181824,0.06267852360181908,0.16297265625000007,0.09116876160264595,0.4131922035551521,0.040032260282450716
2018-08-07,0.14921677243880327,0.050729231086373915,0.23181140845070425,0.10100061712684193,0.5132145444787777,-0.000659216168961807
2018-08-08,0.0876572898799313,0.036272818038584675,0.1381194594594593,0.07292087212584436,0.3125927800139922,-0.049888305702560296
2018-08-09,0.07957467248908288,0.054665599775043115,0.1304720763723149,0.08713519036068357,0.28625160729709986,0.012745481522723506
2018-08-10,0.14172210338680935,0.051099919168769534,0.21902506887052353,0.08237659383241296,0.4887894897708748,0.0006031050401076044
2018-08-11,0.05288770764119602,0.03757419010088685,0.06551111111111112,0.05571345428752188,0.1992790442825794,-0.045456683448837076
2018-08-12,0.12532018927444788,0.052403344539892566,0.21131117021276585,0.09177823325494996,0.43533580866374555,0.0050417195209792875
2018-08-13,0.13570517711171656,0.056984045713488106,0.18343941068139955,0.10030285264676324,0.469180384629206,0.020640592315782275
2018-08-14,0.1166926056338025,0.050470474859569826,0.17722299465240593,0.0915885933553855,0.40721859615471456,-0.0015403706721296984
2018-08-15,0.10428116666666681,0.0404498983490054,0.152235279805353,0.06934268288400926,0.36676983535247004,-0.03566390163282601
2018-08-16,0.10230583333333322,0.031606958271281176,0.14571750741839745,0.05342021116272875,0.3603322429253326,-0.06577717298080436
2018-08-17,0.009775999999999967,0.03477309426703305,0.012116147308781829,0.05071076247275654,0.0587784017082177,-0.05499538417225519
2018-08-18,-0.021726277372262768,0.03165203629163477,-0.02529603399433427,0.052455592402668914,-0.04388721873520149,-0.06562366672080414
2018-08-19,0.07972146341463411,0.04377361921856697,0.10343607594936705,0.07010618702973616,0.28672999751851447,-0.024345481791649776
2018-08-20,0.06782863961813827,0.044829371106220706,0.10007112676056316,0.08636094939543207,0.24797139859364553,-0.02075028123735187
2018-08-21,0.06570553745928341,0.06276805046546788,0.09106817155756211,0.12432123543805572,0.24105222897845077,0.04033713023682042
2018-08-22,0.09406254416961134,0.041489256917386676,0.12323935185185189,0.06559474696994654,0.33346744243845805,-0.032124526004085274
2018-08-23,0.1888988151658764,0.1080058065617898,0.22906695402298805,0.15936521108068286,0.6425379419238242,0.1943873457227076
2018-08-24,0.12120817757009339,0.06291055622510061,0.15393798219584562,0.09514388008601789,0.42193480187590415,0.040822411667063324
2018-08-25,0.111666570188133,0.05446747932826599,0.16558283261802556,0.0975052544451601,0.390838794742179,0.0120708128355059
2018-08-26,0.10553868613138691,0.056732470692324684,0.1467898477157361,0.09478473762010343,0.37086807925209486,0.01978389230310762
2018-08-27,0.04306542324246781,0.028239741030681803,0.059087795275590674,0.04970479671309398,0.1672683134376076,-0.07724371301868
2018-08-28,-0.019645287356321844,0.053973435727746134,-0.02558592814371258,0.09207233153556695,-0.03710529219070195,0.01038842339608595
2018-08-29,0.029427719298245617,0.039683398702383695,0.03937511737089202,0.06813113632638164,0.12282316681179496,-0.038274098201385026
2018-08-30,0.031791573033707894,0.03664129838638267,0.04336321839080464,0.061529727479019955,0.13052694351088562,-0.04863350259385325
2018-08-31,0.008014929577464783,-0.02180723025018801,0.01094346153846153,-0.040111744760708515,0.05303909005663146,-0.24767097059127313
2018-09-01,0.028956551724137927,0.14184357022288052,0.0335896,0.23915485677113577,0.12128763619738998,0.30961664163323954
2018-09-02,0.10741407407407406,0.08591659184436959,0.13943173076923074,0.13331884941367694,0.3769799506077071,0.11916592492793737
2018-09-03,0.11010509554140123,0.06587539406806923,0.14054065040650401,0.11620715582794235,0.38574996381357646,0.050918710599696826
2018-09-04,-0.04765325842696627,0.0035627332717220388,-0.06058771428571426,0.005524098626886088,-0.12838300184165055,-0.16127746470875873
2018-09-05,0.04072727272727274,0.061568367154024146,0.05325874125874127,0.11232472836880503,0.15964830328735855,0.03625179337242729
2018-09-06,0.036309761904761845,0.051609071153714006,0.045934036144578236,0.09506934159894685,0.14525167779742104,0.002336943757234866
2018-09-07,-6.0563380281673673e-05,0.04308084342595581,-8.012422360246268e-05,0.08326878085053166,0.026721135799029426,-0.02670462312279623
2018-09-08,0.04622893258426952,-0.0199885045899793,0.062339015151514965,-0.036679936257900156,0.17757816010414074,-0.24147758028985533
2018-09-09,0.13224146341463416,0.0912284913595889,0.16331024096385544,0.14168061158117973,0.45789217484211175,0.13725478113063144
2018-09-10,0.13474589473684204,0.04685180087665049,0.1860590116279069,0.07443011844952836,0.46605409255091823,-0.013863207942283823
2018-09-11,0.05301425531914899,0.05012811995783123,0.0741568452380953,0.08824051078719354,0.19969146195382226,-0.00270620759545509
2018-09-12,0.17257437325905262,0.07547198490408802,0.22366137184115484,0.12315655718439818,0.5893367419930449,0.08359842360470993
2018-09-13,0.09561107382550332,0.0764762575387575,0.12776726457399099,0.13405838086205726,0.3385140857658121,0.0870183194865482
2018-09-14,0.07914493243243248,0.05874306878771163,0.1018560869565218,0.0887140222508298,0.2848510885655795,0.026630674649923802
2018-09-15,0.02286231884057969,0.03982458252295206,0.031549999999999974,0.06465638103726334,0.10142658955864489,-0.03779331843115577
2018-09-16,0.05978472222222223,0.06995251372855538,0.07114876033057853,0.10174911087789873,0.2217563487898346,0.0648027140618116
2018-09-17,0.007783018867924517,0.02168124723684024,0.009788135593220325,0.04021871362433864,0.05228329527389018,-0.09957765416405641
2018-09-18,-0.05948508124076793,-0.04107853520528923,-0.07416464088397769,-0.06152692109287789,-0.16694279914776824,-0.3132964334172015
2018-09-19,-0.08793464203233266,0.028426993339151038,-0.1087877142857144,0.05044626276988688,-0.25965964547267795,-0.07660605410366894
2018-09-20,0.139385303514377,0.09010721392938416,0.17312539682539682,0.16397417418544907,0.48117388135246225,0.13343644342672956
2018-09-21,0.10616825938566553,0.08553492814542303,0.13583973799126636,0.14742196439181732,0.37291985246205356,0.11786622794604751
2018-09-22,0.10077680412371122,0.03116453170254719,0.11568461538461525,0.0434958212251378,0.3553491513657309,-0.06728378856326235
2018-09-23,0.1947718562874252,0.08087348895283028,0.2502069230769231,0.12278066050111507,0.6616781267272385,0.10199241425457534
2018-09-24,0.10517722007722016,0.05629779773147122,0.1574618497109828,0.08731215336797034,0.36969006484120853,0.018303680438867764
2018-09-25,0.060594630872483284,0.04404588571073471,0.08061250000000009,0.07373974124606147,0.22439583332928428,-0.023418320159257572
2018-09-26,0.09182789115646255,0.04629251771471158,0.12441198156682022,0.07239361812832557,0.3261847296567885,-0.01576776066658045
2018-09-27,0.16114597156398106,0.09458471006913798,0.1899541899441341,0.15351826018913933,0.5520916902516676,0.148683867363886
2018-09-28,0.002328838174273861,0.023964480964805017,0.0029774535809018597,0.03314456190828126,0.0345081725960232,-0.09180245313399875
2018-09-29,0.04923749999999997,0.07082830980152403,0.059486938775510166,0.09529627136932324,0.18738305251657889,0.06778510278761943
2018-09-30,0.13573538083538075,0.054611936462585754,0.177065064102564,0.0796668750547398,0.46927881827554346,0.012562739371894005
2018-10-01,0.14103787661406025,0.03497377443880307,0.20782959830866807,0.05005486813931363,0.4865596012673174,-0.054311998735561764
2018-10-02,0.09902069510268557,0.06421725372515262,0.1521361650485436,0.12134185554633316,0.349626008874178,0.045272168879363445
2018-10-03,0.09662347188264059,0.09011585084751345,0.12957049180327868,0.15105484834685656,0.34181348134421635,0.13346585512204262
2018-10-04,0.14270630136986306,0.09833759479992359,0.18470851063829793,0.14473073428214558,0.4919969815777477,0.1614637386784631
2018-10-05,0.043354772727272825,0.03370626273753304,0.05711407185628755,0.05432511210444886,0.168211300639182,-0.058628314741505455
2018-10-06,0.03682236286919833,0.09012571757824919,0.04768797814207652,0.12491108225757344,0.14692223943434268,0.13349945475489677
2018-10-07,0.07914139534883723,0.014083996946206254,0.10128214285714288,0.02032254592908956,0.2848395612439965,-0.1254489206760473
2018-10-08,0.04501977077363899,0.07750312300455564,0.055323591549295795,0.12129412524031354,0.1736375133363558,0.09051515177735409
2018-10-09,0.13130289156626498,0.0826817249414065,0.18103222591362117,0.1367048440266283,0.4548333781714815,0.10815008359379691
2018-10-10,0.10397520215633413,0.06842895050442224,0.15068281249999985,0.1372277872277873,0.36577269994172573,0.05961445400566867
2018-10-11,0.13558684210526314,0.08841609218371435,0.1981653846153846,0.13783842063512391,0.46879473197577554,0.12767758861574824
2018-10-12,0.1523499999999998,0.10728482207276847,0.22013568281938298,0.1733469046298919,0.5234257031121496,0.1919321440177595
2018-10-13,-0.01752333333333332,0.004226681497514829,-0.026284999999999982,0.006558643703040252,-0.030189864339306642,-0.15901649121933387
2018-10-14,0.16956282051282048,0.14110825324367005,0.20665468749999996,0.18043350414764364,0.5795221204170747,0.30711263283897894
2018-10-15,0.13722927927927928,0.052459608263179705,0.1928158227848101,0.08144079045053072,0.4741474190058939,0.005233316970639834
2018-10-16,0.06118031496062991,0.02898217871913738,0.082221164021164,0.04230731836012008,0.2263045721668883,-0.0747154557450898
2018-10-17,0.11796622340425528,0.05444645207776853,0.18874595744680844,0.09139225884482574,0.411369304278643,0.011999207770406889
2018-10-18,0.14292958579881654,0.04950448411986877,0.2176135135135135,0.08450765470967496,0.49272466339461995,-0.004829903452921586
2018-10-19,0.05174293193717281,0.08025324281836071,0.06588600000000004,0.12361588208312012,0.19554823121997914,0.09988026151061791
2018-10-20,0.12469316239316242,0.10427410552410553,0.19196184210526318,0.15443127020658667,0.43329233405899986,0.18167961221443768
2018-10-21,0.11065080645161293,0.07326063049853371,0.14596489361702134,0.11953050239234447,0.3875284304468795,0.07606799654360721
2018-10-22,0.015378695652173917,0.0697493788819876,0.01851884816753927,0.12153300865800867,0.07703753321445427,0.06411096960791274
2018-10-23,0.04721411290322589,0.08391683037744387,0.06690914285714297,0.12241984666827105,0.18078885333431835,0.11235604505139485
2018-10-24,0.03963487858719645,0.03931601373240446,0.06299859649122805,0.07269450702358866,0.1560882012403099,-0.03952517116952853
2018-10-25,0.2406636000000001,0.09381397822547835,0.3281776363636365,0.17767798906340596,0.8112388802501025,0.1460592586997252
2018-10-26,0.06406654275092953,0.02576978274130431,0.0902298429319374,0.041634063407873026,0.23571076091097737,-0.08565477580237744
2018-10-27,0.11182133333333336,0.056339315776815745,0.15530740740740742,0.08712265326311713,0.3913431663511268,0.018445063751918456
2018-10-28,0.15556703296703286,0.04678819279265705,0.20972740740740725,0.07096209240219653,0.5339099827610296,-0.014079815481901153
2018-10-29,0.14300025125628132,0.0597758075490488,0.2025412811387899,0.09115238086023533,0.4929549614441486,0.030147507544682595
2018-10-30,0.17455598591549285,0.07641405854559778,0.23606619047619032,0.11730590609162037,0.5957947986740866,0.08680651038888076
2018-10-31,0.10422118644067802,0.09251332942010916,0.14906787878787886,0.1427002989748089,0.3665743603700518,0.14163009938616505
2018-11-01,0.10241535947712416,0.0506341200686439,0.14508842592592588,0.08197905153970918,0.36068918757965696,-0.0009831021005538287
2018-11-02,0.0980358156028369,0.04328014056471507,0.14863494623655918,0.06743093723342349,0.3464162960105932,-0.02602594739214742
2018-11-03,0.13928503401360542,0.055954237466992546,0.20073431372549017,0.09241879671514498,0.4808471040091414,0.017133738838257917
2018-11-04,0.13476814814814816,0.046981868954091184,0.1977576086956522,0.07928190386002887,0.4661266162053743,-0.013420281124364053
2018-11-05,0.12610172413793103,0.05929180816788577,0.16163314917127072,0.09421711982842122,0.43788282330365563,0.02849932214829723
2018-11-06,0.1430657894736842,0.08287620376699324,0.20285447761194028,0.13344473487905692,0.4931685498673889,0.10881235130056133
2018-11-07,0.18163612903225804,0.0982805794116278,0.27070769230769226,0.15868218550835736,0.6188689173265658,0.16126958154931026
2018-11-08,0.10810168067226893,0.07706157715611497,0.21927443181818188,0.1599475758414712,0.37922085393004346,0.08901153535229639
2018-11-09,0.13399438775510197,0.05481876895779955,0.23037631578947357,0.09948591403452511,0.46360493849020773,0.013267075599122574
2018-11-10,0.130880198019802,0.12544044098287377,0.20982380952380955,0.17355458272972946,0.4534558239492188,0.2537583097415004
2018-11-11,0.06090841121495324,0.06113810718283348,0.07578139534883717,0.11894140851933059,0.2254184404621575,0.034786609265246016
2018-11-12,0.17255421686746986,0.08082720546688921,0.24070588235294113,0.1302652049272195,0.5892710525057964,0.10183480296705971
2018-11-13,0.11846310679611649,0.10226474523319178,0.15348050314465408,0.16719474220664687,0.412988642496977,0.17483704502023473
2018-11-14,0.14558203592814356,0.05201293300844202,0.1899390624999998,0.08117906366738148,0.5013689729791186,0.003712233141945076
2018-11-15,0.167356603773585,0.06011502746467372,0.2334184210526317,0.09956551423836585,0.5723320811799211,0.031302668755328306
2018-11-16,0.16665115207373266,0.08885701919688099,0.23636143790849665,0.14497724184754268,0.5700330208420811,0.12917909769253005
2018-11-17,0.17477619047619058,0.11899778887023783,0.2446866666666668,0.16983179576626176,0.5965124432297912,0.23181884961136212
2018-11-18,0.1864734693877551,0.07489294548988427,0.24045263157894736,0.12654325272428724,0.634633763246257,0.08162659400416616
2018-11-19,0.17779526066350682,0.08905393730808422,0.2374354430379743,0.13816456450004244,0.6063515640743039,0.12984967201101177
2018-11-20,0.09555999999999995,0.07609960533293868,0.14224580152671748,0.13490384581748222,0.3383476366573315,0.08573568837314638
2018-11-21,0.0685865168539326,0.04283467702709275,0.09179248120300754,0.07475071089041677,0.2504413132513482,-0.027542904904710758
2018-11-22,0.005722222222222228,0.04001411046086973,0.006917910447761201,0.06823458836485154,0.045567178729724725,-0.03714791021031816
2018-11-23,0.0222388489208633,0.058913570442347414,0.028889719626168212,0.10635047131800378,0.09939470705760863,0.027211291791530395
2018-11-24,0.07956509433962262,0.019580850135937744,0.1041222222222222,0.029651001634420013,0.2862203921996827,-0.10673023320248201
2018-11-25,0.1458495238095238,0.03665282072424927,0.22194492753623185,0.04998111916943082,0.5022407134243723,-0.04859426504574253
2018-11-26,-0.020759583333333328,0.09170019132653058,-0.026931351351351343,0.14107721742543167,-0.040736772114696826,0.13886108276498593
2018-11-27,-0.0575140350877193,0.048233309886066805,-0.0780547619047619,0.08038884981011134,-0.16051917860014633,-0.009158691649673506
2018-11-28,0.12524615384615378,0.09150065807571695,0.16399136690647473,0.15860114066457603,0.43509452791153874,0.1381816029910778
2018-11-29,0.138772972972973,0.08946672931047936,0.18842568807339452,0.15046677202216985,0.47917830197872946,0.1312553716390928
2018-11-30,0.08489820359281439,0.0800726808596783,0.1403762376237624,0.13507209801582096,0.30360094421188616,0.09926538555204129
2018-12-01,0.10979029126213592,0.040992596265654525,0.15077866666666667,0.08983483862473227,0.3847240196804874,-0.033815827408597676
2018-12-02,0.1144660869565217,0.07471987846522006,0.14790561797752805,0.1130629739934251,0.3999623930957839,0.08103724088978409
2018-12-03,0.1609487804878048,0.10537684847898264,0.20304307692307683,0.17515341030966033,0.5514490464217531,0.1854348336153987
2018-12-04,0.06865571428571428,0.024552159962108928,0.1109053846153846,0.03791142347090349,0.25066682701922627,-0.08980120276299375
2018-12-05,0.16589710982658964,0.035453580325690154,0.20070069930069936,0.06595128383166018,0.5675756043756878,-0.05267809363847932
2018-12-06,0.13783422459893052,0.040327118588482244,0.1895220588235295,0.06337118635332924,0.47611893001261946,-0.036082009209285476
2018-12-07,0.12053486486486474,0.06290034025212594,0.18129227642276405,0.1048339004202099,0.41974048221393584,0.04078762274351913
2018-12-08,0.09596788321167883,0.07913996587354251,0.12764660194174757,0.10629583651642474,0.3396769241402846,0.09608916822828201
2018-12-09,0.10950183486238527,0.053573730344700206,0.14041999999999993,0.0846309653271351,0.3837839430345573,0.00902728823593374
2018-12-10,0.14551796874999987,0.0824281071034001,0.21409540229885038,0.12711804468958088,0.5011601786587444,0.10728642708278952
2018-12-11,0.08144687500000003,0.06845075099957912,0.11955504587155967,0.13690150199915824,0.29235309736106185,0.059688692236439134
2018-12-12,0.1542271999999999,0.07046672871572869,0.2142044444444443,0.12066220670501489,0.5295434799452013,0.06655379405374254
2018-12-13,0.03115719696969699,0.042109689290087,0.04398663101604281,0.07313788139857216,0.1284595179899778,-0.03001173905449836
2018-12-14,0.11633870967741951,0.07137424682048342,0.16905468750000022,0.12368580660195573,0.406065252620051,0.06964420727620954
2018-12-15,0.1770666666666666,0.1739102421416252,0.22492252252252243,0.255430668145512,0.6039770832120785,0.4188147572179227
2018-12-16,0.19909626865671637,0.12939143567874914,0.26155784313725483,0.19702786796536803,0.6757713452491915,0.2672128140495221
2018-12-17,0.10468953974895402,0.07658928323453129,0.15444938271604947,0.12203225795368652,0.3681007193190471,0.0874032110968288
2018-12-18,0.12221660377358493,0.1038274660350133,0.17412580645161294,0.18221376489588428,0.42522125322129223,0.18015865018014354
2018-12-19,0.14047113402061853,0.07441900875470463,0.19056923076923074,0.10855103532641126,0.4847125925796649,0.0800126753998559
2018-12-20,0.10676557377049183,0.05688212629810989,0.13955785714285718,0.1196486104891277,0.3748664943252214,0.02029352143393351
2018-12-21,0.13370201342281876,0.08573979649483002,0.1762973451327433,0.13170339873948117,0.4626520933396531,0.11856387557704817
2018-12-22,0.08089712230215827,0.06317474332222534,0.11474183673469388,0.1033092861386979,0.290561458580557,0.041722060163200014
2018-12-23,0.1526837209302326,0.09047003814445674,0.18407663551401876,0.15356098579782787,0.5245132964296879,0.13467198544602027
2018-12-24,0.09941559139784951,0.04399637213145277,0.12085816993464059,0.08436417748917749,0.3509129721205086,-0.02358693103247636
2018-12-25,0.2008523809523809,0.08799558264864393,0.24522674418604645,0.14436775278293146,0.6814944984127611,0.1262456081180079
2018-12-26,0.10023396226415093,0.06026846378202508,0.13117037037037035,0.08243170530186655,0.35358003494104073,0.03182517251747358
2018-12-27,0.1418032786885246,0.12252165241407045,0.18502673796791444,0.19041581649065725,0.4890540393022244,0.24381882452422954
2018-12-28,0.1153732447817836,0.07664320751109167,0.20471952861952847,0.11741561150681777,0.4029188117657756,0.08758684192074412
2018-12-29,0.010785789473684223,0.0508481430849852,0.013662000000000016,0.10388330307685148,0.06206929593811576,-0.0002542796603754449
2018-12-30,0.04207088607594937,0.0822852942591867,0.051528682170542635,0.12622404362088832,0.1640271263307809,0.10680009992327294
2018-12-31,0.10057171717171713,0.054282680703135223,0.13015163398692806,0.09031908217832584,0.35468077495209865,0.011441509561438218
2019-01-01,0.17956456692913392,0.08763071164399906,0.24521182795698931,0.16366324086452766,0.6121177162597002,0.12500309607186633
2019-01-02,0.010566353383458694,0.04278979430296897,0.013744009779951162,0.0960513526125717,0.06135415582032485,-0.02769574611345993
2019-01-03,0.06016103896103898,0.048464855243061426,0.07752970711297073,0.087806914205076,0.22298276143985726,-0.008370199575401971
2019-01-04,0.14181176470588236,0.08696905625886718,0.21397633136094674,0.1760088043334217,0.4890816951515724,0.12274993049840294
2019-01-05,0.1469539682539682,0.08198615978377884,0.18516199999999994,0.15892701742701743,0.5058400872980213,0.10578144350941993
2019-01-06,0.15772195121951224,0.06287429316392733,0.20860000000000006,0.1333368630890183,0.5409328407208303,0.04069892339377171
2019-01-07,0.08848044871794868,0.04571512266223805,0.15003206521739124,0.10335592949723386,0.3152754467885203,-0.017733990646348702
2019-01-08,0.046197628458498015,0.06894011734391466,0.07214814814814813,0.10635274200006346,0.17747614025786765,0.06135515399983679
2019-01-09,-3.672316384178191e-05,0.049133824262456244,-4.545454545451328e-05,0.07070477149963215,0.026798830836228926,-0.006092128546155373
2019-01-10,0.1104201058201058,0.08256679499075112,0.1337782051282051,0.1209699554515656,0.3867765792968664,0.10775870733661591
2019-01-11,0.1565683333333333,0.18983481402030475,0.20646373626373624,0.25171467052416097,0.5371732110712143,0.47304343567420315
2019-01-12,0.23675735294117656,0.11869729331126389,0.30665714285714296,0.19449195048592635,0.7985084584726437,0.23079555823691988
2019-01-13,0.20232727272727277,0.10035531177576631,0.26707200000000003,0.146105527438248,0.6863011565907344,0.16833476327694835
2019-01-14,0.09789868421052636,0.09380045249758594,0.13527818181818188,0.16019852561385464,0.3459693861155572,0.14601319891523912
2019-01-15,0.09746551724137933,0.08653930520309838,0.13249218750000002,0.13814531289301943,0.34455769910900985,0.12128647942435966
2019-01-16,0.18596609195402294,0.058657847978968655,0.25279765624999995,0.10309561159939945,0.6329802250459056,0.026340468302756992
2019-01-17,0.14994778325123162,0.06254892206862647,0.19765844155844167,0.08941852943613503,0.5155969017198729,0.03959092220915833
2019-01-18,-0.013217004048582979,0.017031393925070394,-0.01727301587301585,0.030048244996374197,-0.016155578416796407,-0.11541201392166053
2019-01-19,0.1841637362637363,0.06422991657813089,0.24288260869565223,0.10344995413468869,0.6271063651018645,0.04531529027614126
2019-01-20,0.16797556818181814,0.07528530844155842,0.20530347222222214,0.12383377837116151,0.5743492802621564,0.08296272564441337
2019-01-21,0.04919655172413794,0.06149494223847671,0.06635813953488373,0.10388465970383444,0.1872496024774663,0.03600175612393883
2019-01-22,0.18492214983713337,0.07002566674187193,0.2298425101214573,0.1472457512996896,0.6295780276786812,0.06505182538910337
2019-01-23,0.00018663793103448255,0.016572887659286988,0.0002740506329113921,0.03943497371235467,0.027526762506609806,-0.11697338643746721
2019-01-24,0.04980407407407403,0.05255808367117892,0.07229623655913972,0.08924957604539817,0.18922951200122504,0.005568659815453791
2019-01-25,0.1437190721649484,0.0893377395084869,0.1936215277777777,0.15755928604224054,0.49529759190555717,0.13081611672224613
2019-01-26,0.0006868131868131871,-0.010744450277613529,0.0008928571428571433,-0.014170217032794653,0.02915682887794397,-0.20999837615446335
2019-01-27,0.15959807692307687,0.015705943362193362,0.20747749999999993,0.024379374771165814,0.5470471164320809,-0.11992563180297934
2019-01-28,0.09866887159533076,0.1102650006176271,0.12615870646766172,0.19018862522637695,0.3484794194310616,0.20208068334947082
2019-01-29,0.04314007092198583,0.06919673065873672,0.059343902439024404,0.12508639772925484,0.16751158951069325,0.0622290111460824
2019-01-30,0.05065025641025641,0.0394630970880971,0.09317735849056603,0.07933303022864881,0.19198721213591172,-0.039024301440477555
2019-01-31,0.18947173913043455,0.06960129110333801,0.2612335149863757,0.13141139290406356,0.6444050956407824,0.06360667947108059
2019-02-01,0.08325211267605634,0.10697724269498667,0.12001827411167512,0.1633415963729904,0.29823634966914236,0.19088472978869353
2019-02-02,0.18447569060773478,0.06881371329713873,0.26086015625,0.11750266138473689,0.6281230213231961,0.06092470447438603
2019-02-03,0.0794007575757576,0.04407821177139358,0.1037712871287129,0.06845087004498768,0.28568482025913716,-0.02330823873524296
2019-02-04,0.1550996978851963,0.023139024578979248,0.23767592592592582,0.05393674039184599,0.5323869422022549,-0.0946134178034201
2019-02-05,0.13261107382550338,0.037835343886698174,0.20799000000000006,0.07670022094038134,0.45909673163354064,-0.044567364427497286
2019-02-06,0.03832952755905514,0.07985241724045859,0.05291141304347829,0.1448750998505463,0.15183407473329802,0.09851531169930094
2019-02-07,0.09390506912442388,0.04664759566257263,0.11778843930635828,0.08879410753314264,0.33295423277340824,-0.014558597367989506
2019-02-08,0.13424655172413794,0.04712477297606608,0.2118721088435374,0.08541365101911977,0.46442673845179866,-0.012933643473014622
2019-02-09,0.02264102564102565,-0.011896208784601644,0.02737984496124032,-0.019742644365934644,0.10070539713932704,-0.21392051247376784
2019-02-10,0.08141202531645571,0.0598888066926042,0.11801009174311929,0.10398276326847762,0.2922395225759422,0.03053230873547033
2019-02-11,0.02722702702702704,0.012451034006589576,0.04256619718309861,0.02410578095461819,0.1156511317630329,-0.13100972462469562
2019-02-12,0.1488410958904111,0.052956270686864294,0.185205681818182,0.11151368538868539,0.5119902182032214,0.006924624409263558
2019-02-13,0.08838590308370041,0.05111419315423406,0.11399772727272724,0.08658896900008307,0.314967323471415,0.0006517129005852718
2019-02-14,0.1120228310502284,0.07698219270793472,0.13860451977401142,0.13171172033623205,0.3919998454819244,0.08874120383270556
2019-02-15,0.08714149659863943,0.076303842604863,0.11971775700934575,0.11216664862914862,0.310911814646993,0.08643118696691393
2019-02-16,0.14425086206896562,0.06618780046581771,0.1640500000000001,0.1371033009649081,0.4970306901129124,0.051982562502294494
2019-02-17,0.07861000000000003,0.06363135822510822,0.0915844660194175,0.1106632316958404,0.2831077488881967,0.04327699193376358
2019-02-18,0.020197478991596646,-0.0072831860016733885,0.023797029702970308,-0.013542173971861457,0.09274190199637103,-0.19821157341325632
2019-02-19,0.08990089686098655,0.048492331223833465,0.12077048192771085,0.07257577089204606,0.3199046736913692,-0.00827663435192788
2019-02-20,0.1284292929292927,0.06976948082314241,0.17476975945017148,0.10425929964514866,0.4454683477172108,0.06417942367446702
2019-02-21,0.055734890965732024,0.02139499813097944,0.07016039215686266,0.03614628631602316,0.208557987486445,-0.10055243143520588
2019-02-22,0.15896813186813188,0.06811717312355066,0.2081453237410072,0.11373693127051579,0.5449941315273091,0.05855274412322828
2019-02-23,0.013648051948051968,-0.037469824097259165,0.015922727272727297,-0.05061713079805186,0.0713973819469583,-0.3010075231840181
2019-02-24,0.127482,0.0762670923983424,0.1573851851851852,0.12105887682276571,0.4423811291273215,0.08630603979512241
2019-02-25,0.039313716814159315,0.0666443825348692,0.04991516853932587,0.1099389084151857,0.15504153809586696,0.05353738246229897
2019-02-26,-0.1298269315673291,0.0004471858229545182,-0.1661344632768364,0.0006138641751466567,-0.3961862161101596,-0.17188698200703525
2019-02-27,0.06475432835820892,0.05468117098490236,0.09860318181818176,0.08722948704734425,0.23795224762220685,0.012798506881211369
2019-02-28,0.13154605678233441,0.06871204325817892,0.18783828828828836,0.1216855738147638,0.4556258512832828,0.060578482805546646
2019-03-01,0.09351117734724282,0.05877241356507377,0.12327308447937119,0.10601153091979704,0.33167054324156947,0.026730603772544242
2019-03-02,0.029748659003831425,0.08553319179755954,0.035780645161290335,0.12402312810646134,0.12386910624053946,0.11786031508065342
2019-03-03,0.08065877192982458,0.09555563466747675,0.10569080459770117,0.1502529979598945,0.2897846769984069,0.15199020164085952
2019-03-04,0.0307114790286976,0.019279945711867814,0.05059018181818186,0.0419894971513275,0.1270069274862907,-0.10775491690407697
2019-03-05,0.004556826568265687,0.05503018721745659,0.006268527918781732,0.1092540713254999,0.04176916544764821,0.01398702794133136
2019-03-06,0.04413973799126635,0.017917371511985778,0.06417777777777775,0.03256411171622812,0.17076949492152252,-0.11239495361722429
2019-03-07,-0.006068410462776666,0.037309932224419216,-0.009635782747603842,0.07243373560756387,0.007141619659138648,-0.04635657297313184
2019-03-08,0.11929472295514508,0.06889747384060424,0.15430955631399312,0.1332252172734133,0.4156988715997344,0.061209938112911394
2019-03-09,0.1941034999999999,0.11096539078976578,0.24726560509554127,0.183413869073993,0.6594999599834527,0.20446575427810898
2019-03-10,0.09119941520467835,0.08782743369366176,0.10755241379310344,0.14035973048239403,0.32413653254515673,0.12567300273294907
2019-03-11,0.07474764595103575,0.02303087030447807,0.10964364640883972,0.04496100048410976,0.27052037400976303,-0.09498172053835573
2019-03-12,0.04015315068493151,0.053242625362243744,0.05253010752688173,0.10121644925634878,0.15777724504637236,0.007899761181159759
2019-03-13,-0.030916768292682913,0.04366623387621869,-0.043709913793103426,0.06885829188172947,-0.07383894068135272,-0.02471116604649115
2019-03-14,0.0837847665847665,0.07869729676547864,0.12819699248120286,0.139868121325545,0.29997226365952234,0.09458172671546727
2019-03-15,0.06931971830985921,0.05048364098733814,0.11314252873563227,0.0896084627525252,0.2528308097786375,-0.0014955354505173657
2019-03-16,0.13341308016877637,0.0769999573797042,0.1904753012048193,0.13517770295548073,0.4617104626301503,0.08880169868811572
2019-03-17,0.13973231441048037,0.07636515655620457,0.17777055555555557,0.1355629523362081,0.4823047865415724,0.08663998219089342
2019-03-18,0.10670037313432841,0.04135982762055525,0.14589642857142865,0.06927771126443004,0.3746540060760094,-0.03256527755295993
2019-03-19,-0.010303678160919538,0.05165405581920361,-0.01366493902439024,0.07319060026499535,-0.006661077232758404,0.0024901321116147512
2019-03-20,0.11150915492957751,0.07522957346350831,0.14938018867924535,0.11486666055718472,0.3903257799211905,0.08277292875527409
2019-03-21,0.06411696113074201,0.058671177138807075,0.09915355191256825,0.10852250411949282,0.23587507392822474,0.026385858704990522
2019-03-22,0.07277093425605542,0.046948073792796946,0.1041128712871288,0.08273166662267267,0.2640782895152114,-0.013535365344471528
2019-03-23,0.029263212435233152,0.1087359905494621,0.03620384615384614,0.14473135293824957,0.12228704051975596,0.19687387490434421
2019-03-24,0.13470494505494507,0.087314991556063,0.17025208333333336,0.13242773719336223,0.46592063792955124,0.12392795990737099
2019-03-25,-0.031176487252124636,-0.022348995472579028,-0.040019272727272716,-0.04218821070492191,-0.07468536228436613,-0.2495158686687638
2019-03-26,0.10505182186234827,0.04149326794063635,0.1544511904761906,0.07426693609664622,0.3692813932591452,-0.03211086708177677
2019-03-27,0.1390094801223242,0.08870624496189702,0.17966837944664038,0.1300759735539925,0.4799490765148214,0.12866565924214485
2019-03-28,0.049131785714285704,0.04427851269927161,0.06458638497652582,0.08050638672594838,0.18703853067124257,-0.022626144755251265
2019-03-29,0.05791170212765957,0.048376069556920615,0.07525852534562212,0.10105223418556751,0.21565219422859708,-0.008672545563848694
2019-03-30,0.20578733333333324,0.08553182780182776,0.2996902912621358,0.15839227370708844,0.6975774609891525,0.1178556702031322
2019-03-31,0.098310891089109,0.048108498178114564,0.1332805369127518,0.08166316497461464,0.34731276438756725,-0.009583718710349631
2019-04-01,0.028442253521126757,0.03913520008942544,0.04438241758241757,0.06537880485527545,0.11961154327619795,-0.0401409042002385
2019-04-02,0.07287149321266971,0.062383772273478175,0.09880122699386507,0.08952476410674465,0.2644060101923532,0.03902853000128942
2019-04-03,0.11082148337595903,0.06886134130859191,0.1705952755905511,0.12640743874018515,0.3880846649097503,0.06108689433658662
2019-04-04,-0.04929989888776547,-0.008679388960769852,-0.06258998716302959,-0.012210406375819893,-0.13374938734316466,-0.2029661276898406
2019-04-05,0.0722217118997912,0.050718919680633065,0.11052460063897757,0.0846493467840531,0.26228837911283165,-0.0006943300741024117
2019-04-06,0.08801255813953485,0.09015858585858581,0.12367777777777772,0.1550727676767676,0.31375059587171705,0.13361138262456668
2019-04-07,0.1175213483146068,0.06920552548782886,0.15085673076923084,0.11336119819171968,0.40991946061944146,0.06225896058287414
2019-04-08,-0.023266109785202854,0.03648582343519269,-0.028421282798833807,0.062398204160594835,-0.04890551783101782,-0.04916294860975372
2019-04-09,0.07991326530612246,0.0938678035737074,0.09997659574468086,0.15331741250372208,0.28735507804711174,0.146242552638435
2019-04-10,0.1580852201257861,0.04692423516884429,0.21952445414847155,0.07979629296092237,0.5421167306094783,-0.01361654410915153
2019-04-11,0.04332639175257731,0.031096356731279435,0.05757068493150684,0.0582306294002723,0.16811880731428766,-0.0675159479345667
2019-04-12,0.049752680652680646,0.02689607530516622,0.07359965517241379,0.04091636987913585,0.18906202133279776,-0.08181935983272491
2019-04-13,0.14184840425531925,0.05888391173725517,0.20833984375000014,0.09225146172169978,0.4892011030925049,0.02711029363634418
2019-04-14,0.050351612903225804,0.058084722087947877,0.059576335877862596,0.0928157930271332,0.19101393580485854,0.02438877629521574
2019-04-15,0.07941589958158993,0.05395589185338137,0.11433975903614453,0.09843861185464234,0.2857341679112184,0.010328680432252935
2019-04-16,0.0572541501976285,0.03827292547154206,0.07315808080808087,0.06542601448851447,0.21350923878214903,-0.04307724769194732
2019-04-17,0.14440373134328366,0.08536865523572615,0.1915851485148516,0.13148735404123338,0.4975288896147813,0.11730001114445082
2019-04-18,0.043212062256809354,0.044585513075646455,0.05470689655172416,0.0774221409489266,0.16774620858184378,-0.02158070222635805
2019-04-19,0.11278562874251499,0.07158985677377469,0.165221052631579,0.11837134733881557,0.394485795860241,0.07037843378591307
2019-04-20,0.060866049382716066,0.02566701516932999,0.08649385964912283,0.04116887581615305,0.2252803836563477,-0.08600473495096778
2019-04-21,0.03833774509803923,0.0535123278137984,0.047980981595092044,0.08462414631019283,0.15186085561419593,0.008818191367895856
2019-04-22,0.01916784660766961,0.07375384676232759,0.027018295218295213,0.12756405128790332,0.08938633991191107,0.07774756861514881
2019-04-23,0.07163323029366313,0.0827016186415336,0.100753695652174,0.1270972619027844,0.2603705231909016,0.10821782852758327
2019-04-24,0.07150563991323203,0.062007932595242836,0.10951528239202647,0.10136757775321613,0.25995470736226234,0.03774866582551065
2019-04-25,0.0302601023017903,0.04858551686569354,0.04115373913043481,0.07691067649589545,0.12553589505349078,-0.007959304991511124
2019-04-26,0.053638939670932376,0.05426674263390771,0.06776096997690534,0.0811035743736271,0.2017273022773414,0.01138723491983798
2019-04-27,0.0987007722007722,0.06881344818844824,0.1229014423076923,0.09901490600448941,0.34858338319887,0.06092380168754555
2019-04-28,0.07510044843049327,0.07005341289253847,0.1073551282051282,0.10773731775886951,0.2716701539135922,0.06514631063456922
2019-04-29,0.11503175853018377,0.05022282692206762,0.1641464419475656,0.09111855741575126,0.40180591134022536,-0.0023836976058445036
2019-04-30,0.04452865853658539,0.03450871231418921,0.055959386973180106,0.05521393970270275,0.17203698325630332,-0.055895696219551566
2019-05-01,0.12295839080459768,0.07449341195203257,0.1587148367952522,0.113700470874155,0.4276387300556134,0.08026604403637283
2019-05-02,0.0691480446927373,0.021691183565185977,0.10293139293139275,0.03961961079763561,0.2522713271035498,-0.09954381752725372
2019-05-03,0.12481951219512163,0.036947247535662184,0.17600211640211597,0.07662600364399978,0.433704106854273,-0.04759163985703052
2019-05-04,0.09545063291139243,0.10068421664676935,0.11089117647058826,0.16123080638705634,0.33799121036232754,0.16945479819080422
2019-05-05,0.08465341614906838,0.08334437953925533,0.10816825396825404,0.12779471529352485,0.3028031842756134,0.11040665183237108
2019-05-06,0.0022962328767123247,0.020475048353473017,0.0034384615384615326,0.037134870305677775,0.034401912243340105,-0.10368517880577188
2019-05-07,0.10093901098901098,0.09142746421190294,0.15836982758620688,0.156242239310482,0.35587778198723785,0.13793235255370456
2019-05-08,0.1068220149253732,0.076598956288322,0.16548150289017352,0.1359504654653662,0.3750504355087734,0.08743615119265696
2019-05-09,0.098252752293578,0.039926034592319005,0.13908506493506495,0.06495429508302644,0.34712329060938646,-0.037447839024215474
2019-05-10,0.11945932203389835,0.11581443215447454,0.14532164948453613,0.16465184330395177,0.41623529842199003,0.22097841829139103
2019-05-11,0.1265007299270073,0.059346330879177615,0.1699078431372549,0.08742416484351971,0.43918317935131396,0.028684990849580705
2019-05-12,0.0834125000000001,0.08747758005883004,0.09624519230769242,0.1499615658151372,0.29875905042278517,0.12448163002826423
2019-05-13,-0.04214055118110238,0.03813448474254157,-0.057857837837837864,0.06869616400429475,-0.1104171416902866,-0.043548686286053045
2019-05-14,0.029831140350877187,0.03672097304498622,0.0393150289017341,0.058141540654561515,0.12413791216112088,-0.04836218280733451
2019-05-15,0.03176194690265489,0.009281863355425295,0.040101675977653656,0.015654485957657588,0.1304303922333398,-0.14180184748516395
2019-05-16,-0.10602176308539961,0.05760049729884444,-0.12701617161716192,0.09211004634132393,-0.3186053998702106,0.022739823306783646
2019-05-17,-0.03218018433179727,0.006944235807715086,-0.037543548387096816,0.012007164703379869,-0.07795640146049149,-0.14976227829618252
2019-05-18,0.004981818181818186,0.02523791595609778,0.006044117647058829,0.03385574091671654,0.043154209048560516,-0.08746596627558295
2019-05-19,0.07826666666666666,0.08895748001998001,0.09613858267716535,0.1284941378066378,0.2819888288409555,0.1295212015628755
2019-05-20,0.01324475409836066,0.05280136195933909,0.017044936708860765,0.10065259623499015,0.07008303811483552,0.006397106580901535
2019-05-21,-0.034157393483709074,-0.0454048677131272,-0.04212921174652217,-0.06888419094120818,-0.08440010716242155,-0.32802909287265636
2019-05-22,0.033144945355191316,0.034877667996740004,0.04043683333333341,0.05993064078313071,0.1349375709532808,-0.05463927443150639
2019-05-23,0.04921754143646415,0.060568640479379446,0.06207926829268301,0.10342381062988378,0.1873180077490419,0.032847378057748844
2019-05-24,0.07753123844731968,0.036803506646142646,0.10866424870466308,0.058907387856695775,0.27959207531299196,-0.04808112733199435
2019-05-25,0.09638795620437951,0.06970500758365726,0.11737911111111105,0.11936982548701305,0.34104593800291766,0.06395986998098557
2019-05-26,0.13322970297029701,0.07423784164130699,0.16212289156626505,0.12393424802928936,0.4611128380954354,0.0793957386800408
2019-05-27,0.028847111111111115,0.04088600893494833,0.03730229885057472,0.06570965721688124,0.1209309702870073,-0.03417879415762018
2019-05-28,0.1051213855421687,0.08065293993155431,0.13849325396825402,0.1251251217629721,0.3695081006258761,0.1012413685090609
2019-05-29,0.04968944954128438,0.04037742883663591,0.06584984802431608,0.06544445714785598,0.18885595174595132,-0.03591068540284559
2019-05-30,0.04150969162995592,0.048903012299566784,0.05369059829059825,0.08222950957038266,0.16219819900256027,-0.006878123159684252
2019-05-31,0.04385163934426226,0.042500206040165064,0.06033721804511273,0.06619181025829964,0.16983058418836938,-0.02868189436962315
2019-06-01,0.00573068181818183,0.06896892832546242,0.006724000000000015,0.1037481314981315,0.04559474847198908,0.061453265362972104
2019-06-02,0.11581153846153847,0.10699725671154244,0.1561311111111111,0.1723318647920418,0.40434720667312546,0.1909528844415589
2019-06-03,0.08903881748071972,0.03712831924335783,0.11507009966777398,0.05777166474266478,0.3170951652421642,-0.04697502802664888
2019-06-04,0.08789429347826083,0.04079308548737896,0.13148414634146335,0.06886172229062136,0.31336517247255297,-0.03449523065573634
2019-06-05,0.06444946619217076,0.08072277426014085,0.08583080568720372,0.12129999768502449,0.23695870474096772,0.10147917856630956
2019-06-06,0.07986222222222213,0.057871680223069114,0.10539002932551308,0.09401536498332529,0.2871887291252212,0.02366329501532624
2019-06-07,0.08310477707006368,0.06846419396749237,0.1096424369747899,0.11434977077549259,0.2977561843393824,0.059734470194554384
2019-06-08,0.07883779527559057,0.07212065821317791,0.10322061855670105,0.12377464314964316,0.2838501315110852,0.07218599638796117
2019-06-09,0.07554202898550724,0.08349451330817792,0.104248,0.13397956786661108,0.2731092607159524,0.11091790927416345
2019-06-10,0.1503000000000001,0.09604485769606734,0.22617961165048558,0.17617695790402885,0.5167447727329928,0.15365617536454662
2019-06-11,0.13293950617283948,0.11259745715532758,0.2090893203883495,0.1940509367996071,0.4601670895100362,0.21002350508181222
2019-06-12,0.0810111111111111,0.06045337425257847,0.10917994923857866,0.10772060982590324,0.2909329470179311,0.032454856663912984
2019-06-13,0.06883395522388058,0.061985118611251326,0.08580232558139532,0.10382507367384597,0.25124771253074085,0.037670976314507915
2019-06-14,0.01661144578313252,0.05074901499939146,0.022602459016393427,0.08466669839094454,0.08105505409242121,-0.0005918450982787538
2019-06-15,0.15338342857142856,0.05395716788880052,0.19450797101449274,0.0882477044910289,0.5267936369353439,0.010333025774468152
2019-06-16,0.12696071428571434,0.09758070500927643,0.15870089285714292,0.17076623376623373,0.44068226397376437,0.15888626699529662
2019-06-17,0.11683194444444439,0.0662385533544388,0.1743398963730569,0.1184888407830955,0.40767270000496486,0.05215539365271593
2019-06-18,0.0995750830564783,0.04196540885286735,0.1413778301886791,0.06648204244585827,0.35143275390946244,-0.030503063876108877
2019-06-19,0.142511295681063,0.0698399982262109,0.1889687224669602,0.1025455583711682,0.49136145990437546,0.06441955983672659
2019-06-20,0.008820902612826606,0.03907404220595601,0.011052380952380956,0.07343826682458697,0.055665748464792886,-0.04034916795910101
2019-06-21,-0.014472348484848465,0.03219678360810668,-0.018728921568627425,0.04913266400312234,-0.02024673391950517,-0.06376861358091863
2019-06-22,0.07458169934640524,0.08915528190037988,0.10098230088495576,0.1663507089116844,0.2699795556135708,0.13019478542132845
2019-06-23,0.13078787878787876,0.0649184622195986,0.1569454545454545,0.1032438194335785,0.4531549564559815,0.04766002647866466
2019-06-24,0.04335314009661836,0.05618593215694664,0.053417261904761905,0.08679468624244742,0.1682059799115052,0.0179227394429379
2019-06-25,0.08180047846889954,0.03757526478040833,0.11101493506493508,0.06040946414696416,0.29350548768181617,-0.04545302379313909
2019-06-26,0.05214281984334208,0.018234306630450798,0.06839280821917813,0.0302326382660721,0.19685146207880064,-0.11131567985327756
2019-06-27,0.08661842105263162,0.05078587604930804,0.10971666666666671,0.07876993019892675,0.30920711644898413,-0.0004663204663630238
2019-06-28,0.050785818181818175,0.08825825462416373,0.0623486607142857,0.14111058152119202,0.19242900665195048,0.12714009710072333
2019-06-29,0.16468245614035085,0.04524421850079744,0.20406304347826085,0.06786632775119616,0.563617059637859,-0.019337582287558025
2019-06-30,0.08617199999999998,0.09448353297496155,0.10189256756756755,0.12718937131244823,0.30775223451121714,0.14833932434263342
2019-07-01,0.0767526315789474,0.06573925723399404,0.10416428571428576,0.11565239698573027,0.27705460298112394,0.050455117565148505
2019-07-02,0.05602752293577981,0.04922940827011928,0.07357831325301203,0.08049008252164504,0.20951167227600845,-0.005766631920148035
2019-07-03,0.13084358974358962,0.0639200298158631,0.18271253196930928,0.09914868261210584,0.45333651792742563,0.04426001860435608
2019-07-04,0.2484392265193369,0.15369371297824333,0.3166725352112675,0.2243432423311455,0.8365795726549918,0.3499704788376138
2019-07-05,0.122032905982906,0.08457714169733399,0.15270427807486633,0.13743785525816773,0.42462258387966734,0.11460463361755308
2019-07-06,0.12571965811965818,0.08932220557220556,0.15648085106382986,0.13750918489405328,0.4366376738069127,0.13076321829319076
2019-07-07,0.1262123076923077,0.12842273431696508,0.16407600000000003,0.1918960397839708,0.4382432140489583,0.2639140506624397
2019-07-08,0.1313851674641149,0.06037094975731338,0.17715806451612914,0.092775944847636,0.45510151453510006,0.03217417273189241
2019-07-09,0.07799887640449434,0.06149227029212988,0.10960894736842099,0.09490425530635074,0.2811161029395946,0.03599265722191505
2019-07-10,0.17296581469648564,0.0442335112716788,0.2265200836820084,0.0814417001649145,0.5906124458910974,-0.022779390190393628
2019-07-11,0.12527416666666674,0.04522471311757026,0.16164408602150546,0.07752807963012044,0.4351858214254758,-0.01940400486791069
2019-07-12,0.1339292792792793,0.08124501977626979,0.18467267080745345,0.13663935144190828,0.46339275059066415,0.10325760528855676
2019-07-13,0.15552770270270266,0.09632770989913847,0.18124488188976373,0.12843694653218463,0.5337818058060131,0.15461938500609002
2019-07-14,0.15157190082644634,0.07262253471964217,0.19104375000000007,0.12922539266289268,0.520889885352837,0.0738950595829504
