,open_close_diff,pos_neg,close_low_diff,sentiment_1,sentiment_2,s1_no_0,s2_no_0,s1_scaled,s2_scaled
2018-01-04,-4.380004999999983,-1.0,-11.570006999999976,-0.1397482758620688,-0.054145768025078346,-0.204681818181818,-0.08723484848484844,-0.4285197822081165,0.4476747784542682
2018-01-05,2.0,1.0,-2.619995000000017,-0.06292776025236589,0.012495970293288906,-0.08635541125541121,0.027508490159531825,-0.1781624570961947,-0.4285197822081165
2018-01-08,-0.5799870000000169,-1.0,-1.079987000000017,0.11214691365070202,0.04008277626739618,0.16607257737686704,0.08221481267345601,0.39240422948925574,-0.1781624570961947
2018-01-09,-1.25,-1.0,-9.010010000000023,0.1346366972477064,0.07404208864529968,0.195672,0.12045653227369647,0.46569821897897,0.39240422948925574
2018-01-10,-1.4899899999999775,-1.0,-3.6900019999999927,0.21563606557377046,0.05881656879095405,0.3812695652173912,0.17084812839277128,0.7296743850971178,0.46569821897897
2018-01-11,0.4400019999999927,1.0,-1.5399779999999623,-0.09284871794871796,0.005837927504594171,-0.17808688524590166,0.02276791726791727,-0.2756745718508569,0.7296743850971178
2018-01-12,0.6799929999999677,1.0,-4.279999000000032,0.11180074074074076,0.032477553310886635,0.2647912280701755,0.07187655240933928,0.3912760552889622,-0.2756745718508569
2018-01-16,1.3200080000000298,1.0,-1.420012999999983,-0.029187121212121313,0.016537207400133532,-0.02457704780538127,0.04463486002159022,-0.06820203740050108,0.3912760552889622
2018-01-17,0.4100029999999606,1.0,-0.3099980000000073,0.03749878787878788,0.06790755498710052,0.06725326086956522,0.14365059708809724,0.14912670206643489,-0.06820203740050108
2018-01-18,-1.4899910000000318,-1.0,-3.4200140000000374,-0.0010034782608695737,0.06464950749733359,-0.0014246913580247028,0.11616708378427128,0.023648185227966124,0.14912670206643489
2018-01-19,0.4299930000000245,1.0,-1.970000999999968,0.05601129032258067,0.052435086269763696,0.10366268656716422,0.13003901394901396,0.20945877034495708,0.023648185227966124
2018-01-22,-0.6199950000000172,-1.0,-0.8199769999999944,0.13150842100613178,0.051627988189193674,0.24404723323688068,0.11832299733228667,0.4555031966488558,0.20945877034495708
2018-01-23,8.440001999999993,1.0,-0.5599980000000073,0.06652417582417583,0.03399467199467199,0.19528064516129034,0.0909857397504456,0.24372016357433074,0.4555031966488558
2018-01-24,1.7899780000000192,1.0,-9.270019999999988,0.1453049122807019,0.06891402116402114,0.19172175925925944,0.13452394542291798,0.5004658296644962,0.24372016357433074
2018-01-25,2.3799740000000043,1.0,-9.490021000000013,0.0017507692307691738,0.044112794612794624,0.0022313725490195357,0.09887350516660864,0.032624251441921645,0.5004658296644962
2018-01-26,3.8599849999999947,1.0,-1.930024000000003,0.03258291139240509,0.05726393112864636,0.053626041666666714,0.1391954018204019,0.13310590764786762,0.032624251441921645
2018-01-29,-3.0,-1.0,-4.5700069999999755,0.07678682659012212,0.007881464939693486,0.10351430069144556,0.0325940851476566,0.27716604419525703,0.13310590764786762
2018-01-30,-4.389984000000027,-1.0,-7.359986000000049,0.1328591463414635,0.2018972917326576,0.21788900000000014,0.34135212210469945,0.4599051975887173,0.27716604419525703
2018-01-31,1.690003000000047,1.0,-0.6300049999999828,0.13370652173913045,0.0668366506681724,0.20849152542372884,0.19215537067099567,0.4626667858993632,0.4599051975887173
2018-02-01,-3.3099980000000073,-1.0,-5.6799930000000245,0.024651428571428564,0.04909918058132343,0.049302857142857134,0.1272941718775052,0.10725728104765724,0.4626667858993632
2018-02-02,-0.8099980000000073,-1.0,-8.739989999999977,0.09101924882629094,0.1211162175070626,0.1457676691729321,0.3035029921059333,0.3235493720423902,0.10725728104765724
2018-02-05,-5.779999000000032,-1.0,-10.75,0.011232583338878138,-0.008485940003327218,0.03183870275256142,0.032198774283843726,0.06352539286845495,0.3235493720423902
2018-02-06,-7.920013999999981,-1.0,-9.630004999999983,0.10566084337349396,0.06356262713190426,0.17366039603960393,0.16748247783962075,0.3712661885349373,0.06352539286845495
2018-02-07,5.01998900000001,1.0,1.690003000000047,0.04596887417218543,0.008302872624064674,0.09916142857142857,0.02279515938606846,0.1767306322282148,0.3712661885349373
2018-02-08,-1.6900019999999927,-1.0,-30.399993999999992,0.09501074074074056,0.06822940917107574,0.15933478260869535,0.16159596908938992,0.3365576059884437,0.1767306322282148
2018-02-09,4.699982000000034,1.0,-20.470000999999968,0.015269129287598953,0.04013905926966613,0.02333467741935485,0.07606351731601732,0.07668045748097975,0.3365576059884437
2018-02-12,5.709992,1.0,-4.170012999999983,0.0641987304982277,0.02786481701045671,0.10974761212121213,0.06549019023653706,0.23614155951423432,0.07668045748097975
2018-02-13,-0.7100219999999808,-1.0,-3.220000999999968,0.29858372093023244,0.09499965043569697,0.4327786516853931,0.2312255642680172,1.0,0.23614155951423432
2018-02-14,-2.82000800000003,-1.0,-5.140015000000005,0.19681538461538464,0.048468645937395936,0.2729173333333333,0.09510828636772033,0.6683379659891575,1.0
2018-02-15,2.1900019999999927,1.0,0.08999599999998509,0.09070260869565216,0.09002468003011478,0.16047384615384616,0.17254730339105334,0.32251744488724626,0.6683379659891575
2018-02-16,-1.5700069999999755,-1.0,-2.42999199999997,0.12131020408163265,0.04572075529345937,0.28305714285714284,0.12109821672321673,0.4222673053005003,0.32251744488724626
2018-02-20,-1.0199890000000096,-1.0,-3.9899899999999775,0.0689736978241059,0.06339649488864628,0.1461141641944985,0.1677820113597105,0.2517031323273788,0.4222673053005003
2018-02-21,1.2600100000000225,1.0,-1.5999760000000265,0.09498125000000003,0.0302764531475469,0.12490684931506853,0.1162615800865801,0.3364614959466304,0.2517031323273788
2018-02-22,2.2300110000000473,1.0,1.4500120000000152,0.20965315789473685,0.08817432311840205,0.31120390625,0.1861457932499599,0.7101761462344092,0.3364614959466304
2018-02-23,1.6599740000000338,1.0,0.9299930000000245,-0.009338842975206636,0.08068785553289691,-0.012555555555555587,0.17434340213358082,-0.003516688597095089,0.7101761462344092
2018-02-26,1.4500120000000152,1.0,0.30999700000000985,0.14609533840041328,0.09546931182461872,0.20760722552785515,0.19141560697524196,0.5030418208233546,-0.003516688597095089
2018-02-27,-1.170012999999983,-1.0,-7.410002999999961,0.17196017699115038,0.11740257824771101,0.27759285714285703,0.2822657732338583,0.5873350822345115,0.5030418208233546
2018-02-28,1.580016999999998,1.0,-8.76998900000001,0.08391730769230772,0.10306908369408373,0.1818208333333334,0.19850342044786493,0.30040421386042937,0.5873350822345115
2018-03-01,1.9500120000000152,1.0,-12.989991000000032,0.09821864406779658,0.060850392545307774,0.21462592592592586,0.15277332596481527,0.3470121322280195,0.30040421386042937
2018-03-02,-3.949982000000034,-1.0,-7.959992000000057,0.04359647058823528,0.04759437866055512,0.07266078431372547,0.11237561628186626,0.16899899165473395,0.3470121322280195
2018-03-05,-2.729980000000012,-1.0,-5.829986000000019,0.10188587443584785,0.05260793715434874,0.17502097162097166,0.09914901155565099,0.35896360089791424,0.16899899165473395
2018-03-06,0.3999939999999924,1.0,-6.3200069999999755,0.09958554216867467,0.06719367730662912,0.165312,0.1467651372750057,0.3514668400560048,0.35896360089791424
2018-03-07,-2.7600100000000225,-1.0,-6.460022000000038,0.21265263157894745,0.12542215386952238,0.2845352112676058,0.2166382657746296,0.7199514022628616,0.3514668400560048
2018-03-08,0.5599970000000098,1.0,-6.029998999999975,0.1179284210526316,0.037611130097972206,0.18069677419354846,0.07940127465127465,0.4112461067765131,0.7199514022628616
2018-03-09,-5.0,-1.0,-6.73001099999999,0.026216216216216216,0.006636373386373374,0.041101694915254235,0.011474103518496022,0.11235690900521472,0.4112461067765131
2018-03-12,1.4399720000000116,1.0,-0.6700129999999831,0.10237425649190217,0.05152858152362697,0.16445060224089633,0.1036039076854205,0.360555233344221,0.11235690900521472
2018-03-13,-16.900025000000028,-1.0,-19.010010000000023,0.0837496688741722,0.019323270548436102,0.13745869565217395,0.052103818800247365,0.2998578805566207,0.360555233344221
2018-03-14,-5.079985999999963,-1.0,-17.91000299999996,0.025914383561643838,0.031095813813279586,0.037835,0.05674986020923525,0.11137323927284666,0.2998578805566207
2018-03-15,2.75,1.0,-5.529998999999975,0.04441586538461542,0.05449342150904652,0.06118211920529806,0.13493609135573426,0.1716693914535925,0.11137323927284666
2018-03-16,-2.670012999999983,-1.0,-6.529999000000032,0.07840506329113925,0.05260255508673229,0.1317872340425532,0.1259273288439955,0.2824398621154978,0.1716693914535925
2018-03-19,-4.850006000000008,-1.0,-11.679993000000024,0.11984023959467904,0.022191723210733375,0.2406917325737883,0.08863434564023039,0.4174767051067582,0.2824398621154978
2018-03-20,1.3099970000000098,1.0,-4.799987999999985,0.0237670520231214,0.02992378366655823,0.03237559055118112,0.06313188505261676,0.10437510634121812,0.4174767051067582
2018-03-21,-0.2999879999999848,-1.0,-0.35998599999999215,0.14617093023255814,0.08390717809322458,0.23279074074074074,0.21223580341227394,0.5032881738808145,0.10437510634121812
2018-03-22,-2.6399840000000268,-1.0,-8.350006000000008,0.03740775862068962,0.04144187487560337,0.066248854961832,0.09070297142584888,0.14883003858554664,0.5032881738808145
2018-03-23,2.1499939999999924,1.0,-8.649993999999992,0.12593333333333326,0.07642687766163375,0.18011395348837198,0.17736803683737645,0.4373340392831639,0.14883003858554664
2018-03-26,5.799986999999987,1.0,-10.180024000000003,-0.006480685947551634,-0.010088101959637137,-0.027677109949670955,-0.004082265632676639,0.005798017800204419,0.4373340392831639
2018-03-27,-0.1799930000000245,-1.0,-27.0,0.06297887323943661,0.05026091523890819,0.12595774647887326,0.12305258558491315,0.2321660563832618,0.005798017800204419
2018-03-28,-14.600006000000008,-1.0,-27.079987000000017,-0.07236830357142854,0.008990254448640935,-0.11919485294117642,0.02262715726399516,-0.2089290974162347,0.2321660563832618
2018-03-29,-1.2900090000000546,-1.0,-9.569992000000042,-0.10455695931477534,-0.016095445121141038,-0.13525789473684233,-0.032259969405892125,-0.3138316184015916,-0.2089290974162347
2018-04-02,-9.86999499999996,-1.0,-21.540008999999998,-0.11837487437185935,-0.004186754932672027,-0.1463142857142858,-0.008589321975275602,-0.35886407131939474,-0.3138316184015916
2018-04-03,17.340010999999976,1.0,2.010008999999968,-0.08219911699779303,0.005556681658857635,-0.10314736842105328,0.01489453722758881,-0.24096762428064056,-0.35886407131939474
2018-04-04,-14.75,-1.0,-15.529999000000032,0.03888733705772812,0.051092883812855865,0.05395994832041343,0.13383843223172487,0.15365197055059907,-0.24096762428064056
2018-04-05,2.3999939999999924,1.0,1.2600100000000225,0.02654328859060401,0.08149842343214818,0.0336591489361702,0.13344247353175911,0.11342283474288825,0.15365197055059907
2018-04-06,-4.720000999999968,-1.0,-10.220000999999968,-0.01674019138755981,0.01829747766094314,-0.02301776315789474,0.03824172831137116,-0.02763761223359391,0.11342283474288825
2018-04-09,1.0700070000000323,1.0,-10.089996999999983,0.038905595973605746,0.11685181237807013,0.0535048785344485,0.1960781105287893,0.15371147618268557,-0.02763761223359391
2018-04-10,9.309996999999953,1.0,4.01998900000001,-0.037780813953488375,-0.003319543021577906,-0.07829277108433735,-0.007227359490017719,-0.09620879979315873,0.15371147618268557
2018-04-11,-3.9600220000000377,-1.0,-5.040008,-0.06846196078431363,0.018215661517132102,-0.12123472222222205,0.05806242108585859,-0.1961983636611906,-0.09620879979315873
2018-04-12,1.390013999999951,1.0,-7.25,-0.07094545454545452,0.025214416896235086,-0.10179130434782606,0.054030893349075175,-0.2042920460588761,-0.1961983636611906
2018-04-13,9.52001899999999,1.0,1.9000239999999735,-0.10143700787401573,0.013651802047471346,-0.13280927835051545,0.03181245614731855,-0.3036637265176559,-0.2042920460588761
2018-04-16,-1.339995999999985,-1.0,-11.329985999999963,0.09978984651711915,0.02482949620807502,0.13684577709871817,0.04268184483155085,0.3521326659721593,-0.3036637265176559
2018-04-17,-2.339995999999985,-1.0,-8.69998099999998,-0.0806582781456954,-0.0005392799805051448,-0.10972432432432436,-0.0010053244081021833,-0.23594604520924264,0.3521326659721593
2018-04-18,3.3899850000000242,1.0,0.47000200000002224,0.02069239999999999,-0.011550394660894657,0.04275289256198345,-0.02724149684173268,0.09435484482579803,-0.23594604520924264
2018-04-19,-2.2700189999999907,-1.0,-4.800018000000023,-0.00040165016501651465,0.030874412990749632,-0.0006508021390374541,0.08427880302880304,0.025609537232168796,0.09435484482579803
2018-04-20,-4.909974000000034,-1.0,-10.329987000000017,0.036564457831325316,0.031752181887724065,0.0619357142857143,0.06507237275755796,0.14608172938436034,0.025609537232168796
2018-04-23,1.0500190000000202,1.0,-7.910002999999961,0.01701606429037872,0.05329345448863023,0.0244242003263974,0.11286018353085663,0.08237370193487516,0.14608172938436034
2018-04-24,1.6300049999999828,1.0,-4.910004000000015,0.2949084415584413,0.05678760002623641,0.3816462184873946,0.16194982229704458,0.9880222997039549,0.08237370193487516
2018-04-25,0.04000899999999774,1.0,-6.209991000000002,0.12698433734939754,0.10134858698864724,0.18171896551724132,0.15294423127377674,0.4407592513122083,0.9880222997039549
2018-04-26,-1.9400019999999927,-1.0,-4.190001999999993,0.14259758064516126,0.11717111869185602,0.17507029702970292,0.1911739304972388,0.4916426617765261,0.4407592513122083
2018-04-27,-0.11001599999997325,-1.0,-1.6500239999999735,0.014464545454545456,0.02127303882985701,0.02014050632911393,0.06157984924432292,0.07405832646984489,0.4916426617765261
2018-04-30,-0.47000200000002224,-1.0,-1.579987000000017,-0.03524581153108088,-0.0870803396354165,-0.0440665865173474,-0.13291060662496076,-0.08794725116140212,0.07405832646984489
2018-05-01,-0.3899839999999699,-1.0,-0.6799930000000245,-0.0011982142857143063,0.06381888614031474,-0.002313793103448316,0.11912858746192086,0.023013542386843375,-0.08794725116140212
2018-05-02,-1.3500060000000076,-1.0,-2.140013999999951,0.01637125000000001,0.0787394593253968,0.024946666666666683,0.11665105085243972,0.08027225833414042,0.023013542386843375
2018-05-03,-22.359984999999995,-1.0,-25.919983000000002,0.06420354330708661,0.07070858350498399,0.11018716216216214,0.13922465279275914,0.23615724441224145,0.08027225833414042
2018-05-04,-1.4500120000000152,-1.0,-4.930023000000006,0.003286915887850471,0.04612435624906422,0.0041869047619047675,0.08248422482423183,0.03763053869467108,0.23615724441224145
2018-05-07,3.410004000000015,1.0,1.080016999999998,0.026851271483902206,0.01807953601224752,0.04192719478539449,0.035878129670654575,0.1144265480443989,0.03763053869467108
2018-05-08,-1.9700010000000248,-1.0,-3.7699890000000096,0.09388468899521528,0.06234204657649636,0.14643208955223874,0.11136314302980972,0.33288781412737856,0.1144265480443989
2018-05-09,-1.559996999999953,-1.0,-1.920012999999983,0.1128872483221476,0.053456956567455145,0.1462626086956521,0.09713520156769287,0.3948169730976482,0.33288781412737856
2018-05-10,0.6499939999999924,1.0,-2.740021000000013,-0.07958973384030417,0.030944826227145606,-0.10845647668393778,0.10047517651529993,-0.23246366954516234,0.3948169730976482
2018-05-11,2.6800230000000056,1.0,-5.940001999999993,-0.009728901734104062,0.03533406347299825,-0.013252755905511832,0.06434518927188103,-0.0047878863590338425,-0.23246366954516234
2018-05-14,2.260008999999968,1.0,-9.44000299999999,0.08787358131888866,0.07803169797639922,0.11135402838491582,0.10974511574196233,0.31329767174339807,-0.0047878863590338425
2018-05-15,-6.959990999999945,-1.0,-11.470000999999968,0.11514640883977895,0.08122195016462982,0.19208755760368654,0.1781960361187636,0.4021795556018616,0.31329767174339807
2018-05-16,-0.3500060000000076,-1.0,-2.619995000000017,-0.023681840193704604,0.04802464050163801,-0.035055913978494634,0.10779443764769836,-0.05026037925331005,0.4021795556018616
2018-05-17,-0.580016999999998,-1.0,-2.5100100000000225,0.10578585858585858,0.07256326726023696,0.15867878787878786,0.13814929728391265,0.3716736119154953,-0.05026037925331005
2018-05-18,0.10998499999999467,1.0,-10.540008999999998,0.03965402684563765,0.0766602732052756,0.05205682819383268,0.1620195845047669,0.15615060523129906,0.3716736119154953
2018-05-21,4.509980000000041,1.0,4.479981000000009,0.04539314229722374,0.07268887066021193,0.06300398430128264,0.1427871483633162,0.17485432755812644,0.15615060523129906
2018-05-22,3.270020000000045,1.0,-11.069976999999994,0.015108018867924528,0.06924850187716601,0.02965648148148148,0.13049495464852615,0.07615540016527157,0.17485432755812644
2018-05-23,2.75,1.0,-1.0100100000000225,-0.008255048859934874,0.0016409999247947193,-0.01136457399103142,0.00329272533929398,1.5386051427691144e-05,0.07615540016527157
2018-05-24,-0.6700129999999831,-1.0,-4.17999199999997,-0.01330155642023346,0.05131738451777365,-0.019760115606936413,0.0955693320367234,-0.016431133786742533,1.5386051427691144e-05
2018-05-25,-0.22000100000002476,-1.0,-2.240021000000013,0.0256954802259887,0.0336466173724043,0.03887264957264957,0.0654445195045666,0.1106598353971016,-0.016431133786742533
2018-05-29,-0.3399959999999851,-1.0,-2.700012000000015,0.11146082170121778,0.12055993611540781,0.1418855737542399,0.1968200748262038,0.39016826239257035,0.1106598353971016
2018-05-30,-0.47000100000002476,-1.0,-2.160004000000015,0.02827368421052632,0.07747270638718007,0.040290000000000006,0.12988071364909606,0.11906217750635205,0.39016826239257035
2018-05-31,-4.510009999999966,-1.0,-8.790007999999943,0.06888740458015268,0.04257219672316455,0.09255641025641026,0.10424220132214122,0.2514219034712601,0.11906217750635205
2018-06-01,1.1299740000000043,1.0,-0.8900150000000053,0.11510917030567674,0.04388310349281967,0.16372670807453404,0.10150738080662328,0.4020581955756379,0.2514219034712601
2018-06-04,2.5199890000000096,1.0,1.7299810000000093,0.09450165573033607,0.050769247198814094,0.11871211194844028,0.11517173268537195,0.33489850281206063,0.4020581955756379
2018-06-05,0.9600220000000377,1.0,-10.0,-0.0036149532710280327,0.03260889862992671,-0.005157333333333325,0.0549472780063332,0.015137413164659103,0.33489850281206063
2018-06-06,9.369995000000017,1.0,6.350006000000008,0.04452780748663103,0.01069491189143595,0.07930190476190478,0.028168289066176383,0.17203420969264754,0.015137413164659103
2018-06-07,-3.3500060000000076,-1.0,-5.920012999999983,0.1519913793103448,0.08107720752325127,0.2327524752475247,0.1694586679765252,0.5222569617169737,0.17203420969264754
2018-06-08,2.910004000000015,1.0,1.0599980000000073,-0.030711585365853694,0.07387627315942866,-0.040948780487804926,0.15532959997623466,-0.07317025148665132,0.5222569617169737
2018-06-11,4.850006000000008,1.0,4.839995999999985,0.07108151564212005,0.020629644184247144,0.11023390483707336,0.04263421051615601,0.2585724904220622,-0.07317025148665132
2018-06-12,12.600006000000008,1.0,5.899993999999992,0.0937484848484848,0.13152602048624784,0.19038153846153835,0.21566999632527595,0.3324439261168132,0.2585724904220622
2018-06-13,3.9400019999999927,1.0,-2.9700010000000248,0.06110103305785136,0.04347650538740416,0.0821469444444446,0.11374393841893846,0.22604619320455135,0.3324439261168132
2018-06-14,2.8500059999999507,1.0,1.8200069999999755,0.06736653696498053,0.05367855739159246,0.08744040404040401,0.1169100783867734,0.2464654104698548,0.22604619320455135
2018-06-15,-3.880004999999983,-1.0,-6.470000999999968,0.07642262773722629,0.044010115492779736,0.0964967741935484,0.10485888386975346,0.27597912361946864,0.2464654104698548
2018-06-18,-2.7700189999999907,-1.0,-3.670012999999983,0.05081074496056093,0.05019124463433202,0.07439748589551291,0.11713661924150816,0.19251024278529535,0.27597912361946864
2018-06-19,-5.669983000000002,-1.0,-24.579987000000017,-0.028540221402214013,0.05462088265363175,-0.038671999999999984,0.1080456875849212,-0.06609379711158345,0.19251024278529535
2018-06-20,5.490021000000013,1.0,-0.5499879999999848,-0.1351710247349825,0.045904876434911784,-0.1893732673267329,0.09993138485446182,-0.4136025645944649,-0.06609379711158345
2018-06-21,-0.22000099999996792,-1.0,-15.950011999999958,-0.009633073929961109,0.040946455943537685,-0.014824550898203628,0.08917999302956936,-0.004475584462513532,-0.4136025645944649
2018-06-22,4.029998999999975,1.0,-15.510010000000023,-0.03501593406593407,0.01952964198499913,-0.04864809160305344,0.03863472653554177,-0.08719808270267858,-0.004475584462513532
2018-06-25,-3.5100099999999657,-1.0,-6.130004999999983,0.07114530969891432,0.04033304893908438,0.09299819878015635,0.07998495234476947,0.2587803946425728,-0.08719808270267858
2018-06-26,3.0399779999999623,1.0,-7.210022000000038,0.08406777777777777,0.06271191077441078,0.1129268656716418,0.09901880648591174,0.3008945944288057,0.2587803946425728
2018-06-27,3.0,1.0,-2.5,-0.05409999999999997,0.015328548122362553,-0.0667080508474576,0.025489185734900017,-0.14939287092548528,0.3008945944288057
2018-06-28,4.160004000000015,1.0,1.6099849999999947,0.02636840148698885,0.012098647119093184,0.034941379310344835,0.01828391053391049,0.11285287934607582,-0.14939287092548528
2018-06-29,3.3999939999999924,1.0,-7.51998900000001,0.05789347079037796,0.10665259492321348,0.07019583333333328,0.18149652118511767,0.21559277847489106,0.11285287934607582
2018-07-02,17.11999499999996,1.0,-13.100006000000008,0.10774645021073126,0.06415455325876752,0.1496436839079012,0.1290418260419736,0.37806316125585354,0.21559277847489106
2018-07-03,-3.3200069999999755,-1.0,-25.380004999999983,0.10295745007680487,0.05130376609285432,0.16590420792079202,0.09969776634760644,0.36245585565559,0.37806316125585354
2018-07-05,2.900025000000028,1.0,-14.639984000000027,0.009336000000000007,0.05248538514395655,0.012777372262773734,0.09197205340646593,0.05734444591952052,0.36245585565559
2018-07-06,-4.209992,-1.0,-7.160004000000015,-0.012049528301886806,0.03625300823826768,-0.015481818181818197,0.07724259041721357,-0.012350786132390287,0.05734444591952052
2018-07-09,3.089995999999985,1.0,-0.8999939999999924,0.09291344120182021,0.15026253658469974,0.12011180622709987,0.23063588611871544,0.3297225268646551,-0.012350786132390287
2018-07-10,6.049987999999985,1.0,0.6900019999999927,0.09065372340425533,0.06910206800052925,0.12814210526315792,0.12141297929064952,0.32235812819047205,0.3297225268646551
2018-07-11,-6.670012999999983,-1.0,-7.399993999999992,0.10074723127035833,0.04402807098886671,0.19330875000000006,0.11079194912772196,0.3552527737196998,0.32235812819047205
2018-07-12,2.4700020000000222,1.0,-6.190001999999993,0.08220882352941175,0.04939348866651037,0.1310203125,0.08539213294888234,0.29483628032569675,0.3552527737196998
2018-07-13,-1.1300039999999854,-1.0,-7.459991000000002,0.07057204968944082,0.00846597828130664,0.10520462962962937,0.014577780783854213,0.2569121457584519,0.29483628032569675
2018-07-16,-7.160004000000015,-1.0,-12.619995000000017,0.017448117048346062,0.02314976826493068,0.024491102210179246,0.03476806083666049,0.08378175773785225,0.2569121457584519
2018-07-17,-1.2900080000000003,-1.0,-1.6000060000000076,0.119001652892562,0.08406915612700741,0.15651304347826092,0.14531954130525565,0.4147437590707915,0.08378175773785225
2018-07-18,2.3099980000000073,1.0,-6.440001999999993,0.15856519823788548,0.06544385552039736,0.19996833333333336,0.12697226669342052,0.5436809746828712,0.4147437590707915
2018-07-19,-7.520018999999991,-1.0,-9.839995999999985,0.1078641414141414,0.07234986316993892,0.1386824675324675,0.13643117054902767,0.3784467157613279,0.5436809746828712
2018-07-20,1.0,1.0,-8.520019999999988,0.13154385964912266,0.056771318327082765,0.17369884169884148,0.11421053451683708,0.4556186908471747,0.3784467157613279
2018-07-23,-11.739991000000032,-1.0,-20.720002000000022,0.07471772526418634,0.05022792804818993,0.10618390079413732,0.08892483532162937,0.27042286277769595,0.4556186908471747
2018-07-24,1.220000999999968,1.0,-10.65002400000003,0.11212063492063463,0.011598356292233849,0.14373604651162752,0.022433662828399682,0.3923185873594836,0.27042286277769595
2018-07-25,-0.690003000000047,-1.0,-2.9299930000000245,-0.009518407960199031,0.07142357632003157,-0.011883229813664627,0.12933458414708418,-0.004101889164543248,0.3923185873594836
2018-07-26,-3.88998399999997,-1.0,-5.099974999999972,0.07628150470219437,0.07721074778665457,0.0985174089068826,0.11728680259020385,0.2755192049990083,-0.004101889164543248
2018-07-27,0.6000060000000076,1.0,-11.309998000000007,0.0727828358208955,0.05142359428506816,0.08746995515695065,0.08403367846584309,0.2641170766011136,0.2755192049990083
2018-07-30,-1.279999000000032,-1.0,-11.049988000000042,0.0536943726372788,0.057696212421255326,0.06890415782526688,0.08425469341355873,0.20190795778410756,0.2641170766011136
2018-07-31,2.079987000000017,1.0,-1.1000060000000076,0.0891910714285715,0.022054262701584136,0.12917327586206906,0.034148535796001245,0.3175913594009689,0.20190795778410756
2018-08-01,-0.15002500000002783,-1.0,-5.140015000000005,0.07604615384615382,0.01207082159463112,0.11101925133689837,0.02153813264924376,0.2747521988117487,0.3175913594009689
2018-08-02,27.600006000000008,1.0,22.32000800000003,0.10621907756813408,0.06523033116429346,0.16832724252491682,0.13296952121952127,0.37308546843233054,0.2747521988117487
2018-08-03,-1.7300109999999904,-1.0,-7.010009999999966,0.1216465476190476,0.04235847574926024,0.1906401119402985,0.08391773497494953,0.4233634456697438,0.37308546843233054
2018-08-06,-2.710021999999981,-1.0,-6.350006000000008,0.08317718995394364,0.05775727119049317,0.11092044493408283,0.09664776585922624,0.2979921772348732,0.4233634456697438
2018-08-07,1.8500060000000076,1.0,-2.839995999999985,0.11852556818181825,0.06267852360181908,0.16297265625000007,0.09116876160264596,0.4131922035551521,0.2979921772348732
2018-08-08,-10.48001099999999,-1.0,-12.450011999999958,0.14921677243880327,0.05072923108637392,0.23181140845070425,0.10100061712684193,0.5132145444787777,0.4131922035551521
2018-08-09,-4.790008,-1.0,-24.609984999999995,0.0876572898799313,0.03627281803858468,0.1381194594594593,0.07292087212584436,0.3125927800139922,0.5132145444787777
2018-08-10,1.5499879999999848,1.0,-6.450012000000015,0.07957467248908287,0.05466559977504312,0.1304720763723149,0.08713519036068358,0.28625160729709986,0.3125927800139922
2018-08-13,5.640015000000005,1.0,-6.470000999999968,0.10664333343415107,0.04702581793651631,0.1652824500648002,0.07662276045829493,0.3744681142390666,0.28625160729709986
2018-08-14,2.0400080000000003,1.0,-9.309998000000007,0.13570517711171656,0.0569840457134881,0.18343941068139955,0.10030285264676324,0.46918038462920597,0.3744681142390666
2018-08-15,-5.73001099999999,-1.0,-15.5,0.1166926056338025,0.05047047485956983,0.17722299465240593,0.0915885933553855,0.40721859615471456,0.46918038462920597
2018-08-16,1.2200020000000222,1.0,-4.869995000000017,0.1042811666666668,0.0404498983490054,0.152235279805353,0.06934268288400926,0.3667698353524701,0.40721859615471456
2018-08-17,-11.950012000000015,-1.0,-31.920012999999983,0.10230583333333322,0.031606958271281176,0.14571750741839745,0.05342021116272875,0.3603322429253326,0.3667698353524701
2018-08-20,-13.799987999999985,-1.0,-17.299987999999985,0.022590395347457104,0.036732916592411596,0.030085396421271532,0.05775751396838721,0.10054039349717692,0.3603322429253326
2018-08-21,2.169983000000002,1.0,0.5599980000000073,0.06782863961813827,0.04482937110622071,0.10007112676056316,0.08636094939543207,0.24797139859364556,0.10054039349717692
2018-08-22,-1.0299989999999752,-1.0,-7.229981000000009,0.06570553745928341,0.06276805046546788,0.09106817155756212,0.12432123543805572,0.2410522289784508,0.24797139859364556
2018-08-23,-2.5,-1.0,-3.5400089999999977,0.09406254416961134,0.04148925691738668,0.12323935185185188,0.06559474696994654,0.33346744243845805,0.2410522289784508
2018-08-24,0.6000060000000076,1.0,-0.7000120000000152,0.1888988151658764,0.1080058065617898,0.22906695402298805,0.15936521108068286,0.6425379419238242,0.33346744243845805
2018-08-27,-4.8200069999999755,-1.0,-14.010008999999968,0.11280447796320443,0.058036835415230435,0.1554368875098691,0.09581129071709381,0.3945472252900593,0.6425379419238242
2018-08-28,-0.8599849999999947,-1.0,-8.079987000000017,0.043065423242467815,0.028239741030681807,0.059087795275590674,0.04970479671309398,0.1672683134376076,0.3945472252900593
2018-08-29,-1.589995999999985,-1.0,-8.169983000000002,-0.019645287356321844,0.05397343572774613,-0.02558592814371258,0.09207233153556696,-0.03710529219070195,0.1672683134376076
2018-08-30,-2.75,-1.0,-7.290009000000055,0.029427719298245617,0.039683398702383695,0.03937511737089202,0.06813113632638164,0.12282316681179495,-0.03710529219070195
2018-08-31,-1.1499939999999924,-1.0,-4.549987999999985,0.031791573033707894,0.03664129838638267,0.04336321839080464,0.06152972747901996,0.13052694351088562,0.12282316681179495
2018-09-04,-4.720002000000022,-1.0,-13.660004000000015,0.04812851845855892,0.06865097727235403,0.061321597435897414,0.11078732047470137,0.18376889228724283,0.13052694351088562
2018-09-05,-3.9000240000000304,-1.0,-11.77001899999999,-0.04765325842696627,0.003562733271722039,-0.060587714285714266,0.005524098626886088,-0.12838300184165055,0.18376889228724283
2018-09-06,4.059998000000007,1.0,-1.8599849999999947,0.04072727272727274,0.06156836715402415,0.05325874125874127,0.11232472836880504,0.15964830328735855,-0.12838300184165055
2018-09-07,-20.850006000000008,-1.0,-28.700012000000015,0.03630976190476185,0.051609071153714006,0.045934036144578236,0.09506934159894684,0.14525167779742104,0.15964830328735855
2018-09-10,10.020020000000045,1.0,7.7600100000000225,0.05946994420620733,0.0381069433985218,0.07518971063058932,0.0627564853912704,0.2207304902484273,0.14525167779742104
2018-09-11,-6.029999000000032,-1.0,-11.950012000000015,0.13474589473684204,0.04685180087665049,0.1860590116279069,0.07443011844952836,0.4660540925509182,0.2207304902484273
2018-09-12,2.0,1.0,-0.7900080000000003,0.05301425531914899,0.05012811995783123,0.0741568452380953,0.08824051078719354,0.19969146195382226,0.4660540925509182
2018-09-13,-2.520019999999988,-1.0,-5.360015999999973,0.17257437325905262,0.07547198490408802,0.22366137184115484,0.12315655718439818,0.5893367419930449,0.19969146195382226
2018-09-14,-0.6999809999999798,-1.0,-2.9400019999999927,0.09561107382550332,0.0764762575387575,0.127767264573991,0.13405838086205726,0.3385140857658121,0.5893367419930449
2018-09-17,-5.160003000000017,-1.0,-7.070007000000032,0.0539306578317448,0.05617338834640636,0.06818494909570011,0.08503983805533062,0.202678008971353,0.3385140857658121
2018-09-18,1.8500060000000076,1.0,-19.339995999999985,0.007783018867924517,0.02168124723684024,0.009788135593220323,0.04021871362433864,0.05228329527389018,0.202678008971353
2018-09-19,-4.44998099999998,-1.0,-4.459991000000002,-0.05948508124076792,-0.04107853520528923,-0.07416464088397769,-0.061526921092877884,-0.16694279914776824,0.05228329527389018
2018-09-20,4.540008999999998,1.0,-5.690001999999993,-0.08793464203233266,0.028426993339151038,-0.1087877142857144,0.05044626276988688,-0.25965964547267795,-0.16694279914776824
2018-09-21,-0.6299750000000017,-1.0,-2.9599919999999997,0.139385303514377,0.09010721392938416,0.17312539682539682,0.16397417418544907,0.4811738813524623,-0.25965964547267795
2018-09-24,-0.6199950000000172,-1.0,-5.520018999999991,0.1339056399322673,0.06585764960026684,0.1672437588176016,0.10456614870602339,0.46331571018500767,0.4811738813524623
2018-09-25,0.3200069999999755,1.0,-3.1799930000000245,0.10517722007722016,0.05629779773147123,0.1574618497109828,0.08731215336797034,0.3696900648412085,0.46331571018500767
2018-09-26,0.9200140000000374,1.0,0.11999500000001717,0.06059463087248328,0.044045885710734714,0.08061250000000009,0.07373974124606147,0.22439583332928428,0.3696900648412085
2018-09-27,3.3200069999999755,1.0,-2.669983000000002,0.09182789115646256,0.04629251771471158,0.12441198156682022,0.07239361812832558,0.3261847296567885,0.22439583332928428
2018-09-28,-37.25997899999999,-1.0,-46.959991,0.16114597156398106,0.09458471006913798,0.1899541899441341,0.15351826018913933,0.5520916902516676,0.3261847296567885
2018-10-01,41.0,1.0,36.279998999999975,0.06243390633655153,0.049801575742971595,0.07984315215299201,0.06936923611078143,0.23039001446271515,0.5520916902516676
2018-10-02,3.25,1.0,-11.550018000000023,0.14103787661406025,0.03497377443880307,0.20782959830866807,0.05005486813931363,0.4865596012673174,0.23039001446271515
2018-10-03,2.3099980000000073,1.0,-9.449982000000034,0.09902069510268556,0.06421725372515262,0.1521361650485436,0.12134185554633314,0.349626008874178,0.4865596012673174
2018-10-04,-0.8499759999999696,-1.0,-17.129975,0.0966234718826406,0.09011585084751343,0.12957049180327868,0.15105484834685656,0.34181348134421635,0.349626008874178
2018-10-05,-7.1799930000000245,-1.0,-21.829987000000017,0.14270630136986304,0.0983375947999236,0.18470851063829796,0.14473073428214558,0.4919969815777477,0.34181348134421635
2018-10-08,2.5699769999999944,1.0,-12.950012000000015,0.05310617698176947,0.045971992420662834,0.06869473095183565,0.06651958009703729,0.19999103377250704,0.4919969815777477
2018-10-09,4.690001999999993,1.0,2.740004999999968,0.04501977077363899,0.07750312300455564,0.0553235915492958,0.12129412524031355,0.1736375133363558,0.19999103377250704
2018-10-10,1.8099970000000098,1.0,-15.029983999999985,0.13130289156626498,0.0826817249414065,0.1810322259136212,0.1367048440266283,0.4548333781714815,0.1736375133363558
2018-10-11,0.6499940000000493,1.0,-7.850005999999951,0.10397520215633413,0.06842895050442224,0.15068281249999985,0.1372277872277873,0.3657726999417257,0.4548333781714815
2018-10-12,8.770004,1.0,-0.22000099999996792,0.13558684210526314,0.08841609218371435,0.1981653846153846,0.13783842063512391,0.4687947319757755,0.3657726999417257
2018-10-15,0.27999899999997524,1.0,-4.240006000000022,0.10146316239316233,0.08420658560465111,0.133501790106461,0.12011301749352526,0.35758598639663924,0.4687947319757755
2018-10-16,6.11001600000003,1.0,2.6499939999999924,0.13722927927927928,0.052459608263179705,0.1928158227848101,0.08144079045053072,0.4741474190058939,0.35758598639663924
2018-10-17,5.809998000000007,1.0,-10.790008,0.061180314960629915,0.028982178719137382,0.082221164021164,0.04230731836012008,0.2263045721668883,0.4741474190058939
2018-10-18,-2.4899900000000343,-1.0,-8.779999000000032,0.11796622340425528,0.054446452077768534,0.18874595744680844,0.09139225884482574,0.41136930427864293,0.2263045721668883
2018-10-19,3.4800109999999904,1.0,-10.410004000000015,0.14292958579881654,0.04950448411986877,0.2176135135135135,0.08450765470967496,0.49272466339462,0.41136930427864293
2018-10-22,0.6799930000000245,1.0,-7.410004000000015,0.09569563359398274,0.08592932628033333,0.13460424524076153,0.1325258848940171,0.33878966524195286,0.49272466339462
2018-10-23,2.919983000000002,1.0,1.1499939999999924,0.015378695652173915,0.0697493788819876,0.018518848167539268,0.12153300865800867,0.07703753321445428,0.33878966524195286
2018-10-24,6.9099729999999795,1.0,-8.410004000000015,0.047214112903225885,0.08391683037744388,0.06690914285714297,0.12241984666827105,0.18078885333431835,0.07703753321445428
2018-10-25,28.720000999999968,1.0,12.510010000000023,0.03963487858719645,0.03931601373240446,0.06299859649122805,0.07269450702358866,0.1560882012403099,0.18078885333431835
2018-10-26,-6.609984999999995,-1.0,-8.209991000000002,0.2406636000000001,0.09381397822547836,0.3281776363636365,0.17767798906340596,0.8112388802501025,0.1560882012403099
2018-10-29,6.5700069999999755,1.0,-4.399993999999992,0.11048496968376524,0.04296576377025904,0.15175488591558403,0.06657293635772889,0.3869879700077113,0.8112388802501025
2018-10-30,-6.459991000000002,-1.0,-12.589995999999985,0.14300025125628132,0.0597758075490488,0.2025412811387899,0.09115238086023532,0.4929549614441486,0.3869879700077113
2018-10-31,2.6400150000000053,1.0,-0.7999879999999848,0.17455598591549285,0.07641405854559777,0.2360661904761903,0.11730590609162035,0.5957947986740866,0.4929549614441486
2018-11-01,0.940003000000047,1.0,-2.589995999999985,0.10422118644067803,0.09251332942010916,0.14906787878787886,0.1427002989748089,0.3665743603700518,0.5957947986740866
2018-11-02,-0.5400090000000546,-1.0,-3.369995000000017,0.10241535947712416,0.0506341200686439,0.14508842592592588,0.08197905153970918,0.36068918757965696,0.3665743603700518
2018-11-05,-5.910004000000015,-1.0,-16.26998900000001,0.12402966592153016,0.048738748995266264,0.1823756228859005,0.0797105459361991,0.4311300054083696,0.36068918757965696
2018-11-06,-2.329987000000017,-1.0,-5.309998000000007,0.12610172413793105,0.059291808167885776,0.16163314917127072,0.09421711982842122,0.4378828233036556,0.4311300054083696
2018-11-07,2.2799979999999778,1.0,-0.2600100000000225,0.1430657894736842,0.08287620376699324,0.20285447761194028,0.13344473487905692,0.4931685498673889,0.4378828233036556
2018-11-08,0.3399959999999851,1.0,0.27999799999997776,0.18163612903225804,0.0982805794116278,0.27070769230769226,0.15868218550835736,0.6188689173265658,0.4931685498673889
2018-11-09,-2.3999939999999924,-1.0,-6.169983000000002,0.10810168067226893,0.07706157715611497,0.21927443181818188,0.1599475758414712,0.37922085393004346,0.6188689173265658
2018-11-12,-2.1400150000000053,-1.0,-20.170014000000037,0.1085943323299524,0.08046577237450225,0.17199384022070677,0.13066063509452838,0.38082640096719467,0.37922085393004346
2018-11-13,1.8800049999999828,1.0,0.9200129999999831,0.17255421686746986,0.08082720546688921,0.24070588235294116,0.1302652049272195,0.5892710525057964,0.38082640096719467
2018-11-14,3.9700010000000248,1.0,-1.580016999999998,0.11846310679611648,0.10226474523319178,0.15348050314465408,0.16719474220664687,0.4129886424969771,0.5892710525057964
2018-11-15,-1.670012999999983,-1.0,-4.959991000000002,0.14558203592814356,0.05201293300844202,0.1899390624999998,0.08117906366738148,0.5013689729791186,0.4129886424969771
2018-11-16,-3.25,-1.0,-3.3200069999999755,0.167356603773585,0.060115027464673725,0.2334184210526317,0.09956551423836583,0.5723320811799211,0.5013689729791186
2018-11-19,2.0299979999999778,1.0,-1.4299930000000245,0.17596693731255944,0.0942492511856677,0.2405002453847036,0.1471174301126972,0.6003930757727097,0.5723320811799211
2018-11-20,-11.720000999999968,-1.0,-19.920012999999983,0.17779526066350682,0.08905393730808422,0.2374354430379743,0.13816456450004244,0.6063515640743039,0.6003930757727097
2018-11-21,4.5100100000000225,1.0,-10.089995999999985,0.09555999999999996,0.07609960533293868,0.14224580152671748,0.13490384581748222,0.3383476366573315,0.6063515640743039
2018-11-23,-3.839995999999985,-1.0,-12.640014000000008,0.0685865168539326,0.04283467702709275,0.09179248120300754,0.07475071089041678,0.2504413132513482,0.3383476366573315
2018-11-26,-0.8299870000000169,-1.0,-0.8299870000000169,0.08255115569000324,0.038382413767511475,0.11831895646154074,0.06199419737395154,0.29595193756055455,0.2504413132513482
2018-11-27,-5.950012000000015,-1.0,-10.5,-0.020759583333333328,0.09170019132653058,-0.026931351351351343,0.14107721742543167,-0.040736772114696826,0.29595193756055455
2018-11-28,2.0699769999999944,1.0,-1.7100219999999808,-0.0575140350877193,0.048233309886066805,-0.0780547619047619,0.08038884981011134,-0.16051917860014633,-0.040736772114696826
2018-11-29,-0.8699950000000172,-1.0,-8.320007000000032,0.12524615384615378,0.09150065807571696,0.16399136690647473,0.15860114066457606,0.4350945279115387,-0.16051917860014633
2018-11-30,0.6599740000000338,1.0,-2.9100029999999606,0.13877297297297303,0.08946672931047936,0.18842568807339447,0.15046677202216985,0.4791783019787295,0.4350945279115387
2018-12-03,9.51998900000001,1.0,1.5199890000000096,0.10305152727049068,0.0652617185301843,0.14635350742265238,0.11265663687799277,0.3627624523293858,0.4791783019787295
2018-12-04,-2.4400019999999927,-1.0,-6.4899899999999775,0.1609487804878048,0.10537684847898264,0.20304307692307685,0.17515341030966033,0.5514490464217531,0.3627624523293858
2018-12-06,-3.6900019999999927,-1.0,-8.940001999999993,0.06865571428571428,0.024552159962108928,0.1109053846153846,0.03791142347090349,0.2506668270192263,0.5514490464217531
2018-12-07,5.940001999999993,1.0,-5.410004000000015,0.13783422459893052,0.04032711858848224,0.1895220588235295,0.06337118635332924,0.4761189300126194,0.2506668270192263
2018-12-10,2.029999000000032,1.0,-4.850005999999951,0.1086681943129763,0.06520467882345622,0.14978629278817052,0.09858690075458991,0.38106711646292596,0.4761189300126194
2018-12-11,4.7600100000000225,1.0,-4.919983000000002,0.14551796874999987,0.0824281071034001,0.2140954022988504,0.12711804468958088,0.5011601786587444,0.38106711646292596
2018-12-12,2.6600029999999606,1.0,-1.6000060000000076,0.08144687500000003,0.06845075099957912,0.11955504587155967,0.13690150199915824,0.29235309736106185,0.5011601786587444
2018-12-13,3.549987999999985,1.0,0.1499939999999924,0.1542271999999999,0.07046672871572869,0.2142044444444443,0.12066220670501487,0.5295434799452013,0.29235309736106185
2018-12-14,-1.7900089999999977,-1.0,-12.46002199999998,0.031157196969696987,0.04210968929008701,0.04398663101604281,0.07313788139857216,0.1284595179899778,0.5295434799452013
2018-12-17,-3.7099910000000023,-1.0,-21.82998600000002,0.1641672150002675,0.12489197488028592,0.2185116843865925,0.19204811423761192,0.5619378936937737,0.1284595179899778
2018-12-18,2.1199960000000146,1.0,-14.73001099999999,0.10468953974895402,0.07658928323453129,0.15444938271604947,0.12203225795368652,0.3681007193190471,0.5619378936937737
2018-12-19,0.5700069999999755,1.0,-7.290009000000055,0.12221660377358493,0.1038274660350133,0.17412580645161296,0.18221376489588428,0.4252212532212922,0.3681007193190471
2018-12-20,-5.920012999999983,-1.0,-21.10000599999995,0.14047113402061853,0.07441900875470463,0.19056923076923074,0.10855103532641126,0.4847125925796649,0.4252212532212922
2018-12-21,2.0199890000000096,1.0,-2.94000299999999,0.10676557377049184,0.05688212629810989,0.13955785714285718,0.1196486104891277,0.3748664943252214,0.4847125925796649
2018-12-24,-6.26998900000001,-1.0,-24.569976999999994,0.12242761888506988,0.07979485932050405,0.15837193912715197,0.1295245568920023,0.425908949449966,0.3748664943252214
2018-12-26,4.609984999999995,1.0,-1.3000190000000202,0.09941559139784953,0.04399637213145277,0.1208581699346406,0.08436417748917749,0.3509129721205086,0.425908949449966
2018-12-27,-6.25,-1.0,-24.589995999999985,0.10023396226415092,0.06026846378202508,0.13117037037037035,0.08243170530186655,0.35358003494104073,0.3509129721205086
2018-12-28,6.970001000000025,1.0,2.279999000000032,0.1418032786885246,0.12252165241407045,0.18502673796791444,0.19041581649065725,0.4890540393022244,0.35358003494104073
2018-12-31,3.9200139999999806,1.0,-8.609984999999995,0.05607664011047239,0.06992554828508785,0.08997007026335703,0.11584098606818587,0.2096717446782241,0.4890540393022244
2019-01-02,-26.699981999999977,-1.0,-34.0,0.10057171717171713,0.05428268070313522,0.13015163398692806,0.09031908217832584,0.35468077495209865,0.2096717446782241
2019-01-03,-3.119995000000017,-1.0,-12.739990000000034,0.010566353383458694,0.04278979430296897,0.013744009779951162,0.0960513526125717,0.06135415582032485,0.35468077495209865
2019-01-04,5.640015000000005,1.0,2.3700259999999957,0.06016103896103898,0.04846485524306143,0.07752970711297072,0.08780691420507598,0.22298276143985726,0.06135415582032485
2019-01-07,4.029998999999975,1.0,0.05999800000000732,0.1488292280597876,0.07727650306885779,0.20257944378698226,0.15609089494981912,0.511951541056808,0.22298276143985726
2019-01-08,7.0,1.0,-7.940001999999993,0.08848044871794868,0.04571512266223805,0.15003206521739124,0.10335592949723386,0.3152754467885203,0.511951541056808
2019-01-09,0.1499939999999924,1.0,-3.8800050000000397,0.04619762845849802,0.06894011734391466,0.07214814814814813,0.10635274200006346,0.17747614025786765,0.3152754467885203
2019-01-10,-4.13000500000004,-1.0,-6.739990000000034,-3.672316384178191e-05,0.04913382426245624,-4.545454545451328e-05,0.07070477149963215,0.02679883083622893,0.17747614025786765
2019-01-11,-2.880004999999983,-1.0,-6.200011999999958,0.1104201058201058,0.08256679499075112,0.1337782051282051,0.1209699554515656,0.3867765792968664,0.02679883083622893
2019-01-14,-4.88000500000004,-1.0,-13.260010000000023,0.19855098633392756,0.13629580636911165,0.26006429304029305,0.19743738281611178,0.6739942753781974,0.3867765792968664
2019-01-15,0.6000060000000076,1.0,0.10000600000000759,0.09789868421052636,0.09380045249758594,0.13527818181818188,0.16019852561385464,0.3459693861155572,0.6739942753781974
2019-01-16,0.3500060000000076,1.0,-0.9299930000000245,0.09746551724137932,0.08653930520309837,0.13249218750000002,0.13814531289301946,0.34455769910900985,0.3459693861155572
2019-01-17,0.16000300000001744,1.0,-1.8999939999999924,0.18596609195402292,0.05865784797896865,0.25279765624999995,0.10309561159939944,0.6329802250459056,0.34455769910900985
2019-01-18,-24.309998000000007,-1.0,-47.57998700000002,0.14994778325123162,0.06254892206862647,0.19765844155844167,0.08941852943613503,0.5155969017198729,0.6329802250459056
2019-01-22,2.559996999999953,1.0,-6.7600100000000225,0.11297410013232383,0.052182206314919904,0.14363768834828616,0.08577732583407478,0.3951000223157415,0.5155969017198729
2019-01-23,-6.420012999999983,-1.0,-17.23001099999999,0.18492214983713334,0.07002566674187193,0.2298425101214573,0.1472457512996896,0.6295780276786812,0.3951000223157415
2019-01-24,-4.559996999999953,-1.0,-8.309996999999953,0.00018663793103448252,0.016572887659286988,0.0002740506329113921,0.039434973712354666,0.02752676250660981,0.6295780276786812
2019-01-25,2.880004999999983,1.0,-1.9600220000000377,0.04980407407407403,0.052558083671178916,0.07229623655913972,0.08924957604539817,0.18922951200122504,0.02752676250660981
2019-01-28,-4.130004999999983,-1.0,-9.290008999999998,0.10133465409161281,0.031433077531022244,0.13399729497354493,0.055922814593537234,0.35716717907186074,0.18922951200122504
2019-01-29,-1.1100159999999732,-1.0,-4.580016999999998,0.09866887159533076,0.1102650006176271,0.12615870646766172,0.19018862522637692,0.3484794194310616,0.35716717907186074
2019-01-30,2.990021000000013,1.0,1.0299989999999752,0.04314007092198583,0.06919673065873673,0.0593439024390244,0.12508639772925484,0.16751158951069325,0.3484794194310616
2019-01-31,-7.76998900000001,-1.0,-14.76998900000001,0.05065025641025641,0.0394630970880971,0.09317735849056603,0.07933303022864881,0.19198721213591166,0.16751158951069325
2019-02-01,-1.5999760000000265,-1.0,-3.5199890000000096,0.18947173913043452,0.06960129110333801,0.2612335149863757,0.13141139290406356,0.6444050956407824,0.19198721213591166
2019-02-04,0.7700199999999882,1.0,-10.32998600000002,0.11570952028651625,0.07328972258783967,0.16154990583012935,0.11643170926757164,0.4040147304171586,0.6444050956407824
2019-02-05,-0.40002500000002783,-1.0,-0.6400150000000053,0.1550996978851963,0.023139024578979248,0.23767592592592585,0.05393674039184599,0.5323869422022549,0.4040147304171586
2019-02-06,-1.7600100000000225,-1.0,-5.73001099999999,0.13261107382550338,0.037835343886698174,0.20799000000000006,0.07670022094038134,0.4590967316335406,0.5323869422022549
2019-02-07,-3.920012999999983,-1.0,-14.220000999999968,0.03832952755905514,0.07985241724045859,0.05291141304347829,0.1448750998505463,0.15183407473329802,0.4590967316335406
2019-02-08,-0.6800230000000056,-1.0,-9.010010000000023,0.09390506912442388,0.04664759566257263,0.11778843930635828,0.08879410753314264,0.33295423277340824,0.15183407473329802
2019-02-11,5.800018000000023,1.0,4.700012000000015,0.07943320089387311,0.03170579029468954,0.11908734851596565,0.05655125664055425,0.28579055272235593,0.33295423277340824
2019-02-12,3.36001600000003,1.0,-3.220000999999968,0.02722702702702704,0.012451034006589576,0.04256619718309861,0.02410578095461819,0.1156511317630329,0.28579055272235593
2019-02-13,0.5400080000000003,1.0,-6.239991000000032,0.1488410958904111,0.05295627068686429,0.18520568181818203,0.1115136853886854,0.5119902182032214,0.1156511317630329
2019-02-14,-4.790008,-1.0,-7.170012999999983,0.08838590308370041,0.051114193154234065,0.11399772727272725,0.08658896900008307,0.314967323471415,0.5119902182032214
2019-02-15,0.7300109999999904,1.0,0.13000499999998283,0.1120228310502284,0.07698219270793473,0.13860451977401142,0.13171172033623205,0.3919998454819244,0.314967323471415
2019-02-19,-1.3200069999999755,-1.0,-2.410004000000015,0.10333411955586835,0.06870766709859631,0.12511740767625446,0.11997772709663239,0.3636834178827007,0.3919998454819244
2019-02-20,-1.2300109999999904,-1.0,-6.640015000000005,0.08990089686098655,0.048492331223833465,0.12077048192771085,0.07257577089204606,0.3199046736913692,0.3636834178827007
2019-02-21,-0.75,-1.0,-12.059998000000007,0.1284292929292927,0.06976948082314241,0.17476975945017148,0.10425929964514866,0.4454683477172108,0.3199046736913692
2019-02-22,3.259978999999987,1.0,0.8699950000000172,0.05573489096573202,0.02139499813097944,0.07016039215686266,0.036146286316023166,0.20855798748644502,0.4454683477172108
2019-02-25,3.2000130000000127,1.0,2.2900089999999977,0.10003272793872793,0.035638147141544625,0.12715107873297324,0.06139289243174322,0.3529242142005297,0.20855798748644502
2019-02-26,-6.549988000000042,-1.0,-10.0,0.03931371681415932,0.0666443825348692,0.04991516853932587,0.1099389084151857,0.15504153809586696,0.3529242142005297
2019-02-27,3.9200140000000374,1.0,2.69000299999999,-0.1298269315673291,0.0004471858229545182,-0.1661344632768364,0.0006138641751466567,-0.3961862161101596,0.15504153809586696
2019-02-28,4.180023000000006,1.0,-3.92999199999997,0.06475432835820892,0.05468117098490236,0.09860318181818176,0.08722948704734425,0.23795224762220685,-0.3961862161101596
2019-03-01,-12.94000299999999,-1.0,-27.98001099999999,0.1315460567823344,0.06871204325817892,0.1878382882882884,0.1216855738147638,0.4556258512832828,0.23795224762220685
2019-03-04,3.3299860000000194,1.0,-12.010009999999966,0.06797286942696627,0.07995374667670337,0.08824817807945423,0.1267625523287176,0.24844144216017194,0.4556258512832828
2019-03-05,-3.3599849999999947,-1.0,-15.259978999999987,0.0307114790286976,0.01927994571186781,0.05059018181818186,0.0419894971513275,0.1270069274862907,0.24844144216017194
2019-03-06,-0.05999800000000732,-1.0,-2.1499939999999924,0.004556826568265687,0.05503018721745659,0.006268527918781732,0.1092540713254999,0.041769165447648214,0.1270069274862907
2019-03-07,2.6000060000000076,1.0,-1.9899899999999775,0.04413973799126635,0.017917371511985778,0.06417777777777775,0.03256411171622812,0.17076949492152252,0.041769165447648214
2019-03-08,0.3200080000000298,1.0,-0.6999809999999798,-0.006068410462776666,0.037309932224419216,-0.009635782747603842,0.07243373560756387,0.007141619659138648,0.17076949492152252
2019-03-11,-0.6200259999999957,-1.0,-3.6400150000000053,0.13486587938660777,0.08923009944134393,0.16970919173421262,0.1523329389432668,0.46644512137611455,0.007141619659138648
2019-03-12,-4.430023000000006,-1.0,-9.860014999999976,0.07474764595103575,0.02303087030447807,0.10964364640883972,0.04496100048410976,0.27052037400976303,0.46644512137611455
2019-03-13,0.5400089999999977,1.0,-0.6599729999999795,0.04015315068493151,0.053242625362243744,0.05253010752688173,0.10121644925634878,0.15777724504637236,0.27052037400976303
2019-03-14,3.490021000000013,1.0,-0.6699820000000045,-0.03091676829268292,0.04366623387621869,-0.04370991379310343,0.06885829188172947,-0.07383894068135273,0.15777724504637236
2019-03-15,-6.44998099999998,-1.0,-15.55999700000001,0.0837847665847665,0.07869729676547864,0.12819699248120284,0.13986812132554502,0.29997226365952234,-0.07383894068135273
2019-03-18,0.5700069999999755,1.0,-8.13000500000004,0.1141550376297053,0.06794958497441564,0.1604627951653357,0.12011637268140467,0.39894868631678676,0.29997226365952234
2019-03-19,-1.9899899999999775,-1.0,-6.029998999999975,0.1067003731343284,0.04135982762055525,0.14589642857142865,0.06927771126443004,0.3746540060760094,0.39894868631678676
2019-03-20,2.2200010000000248,1.0,-1.170012999999983,-0.010303678160919538,0.05165405581920361,-0.01366493902439024,0.07319060026499535,-0.006661077232758404,0.3746540060760094
2019-03-21,-1.0,-1.0,-5.149993999999992,0.11150915492957753,0.07522957346350831,0.14938018867924535,0.11486666055718472,0.3903257799211905,-0.006661077232758404
2019-03-22,-1.4400019999999927,-1.0,-10.01998900000001,0.06411696113074201,0.058671177138807075,0.09915355191256824,0.10852250411949282,0.23587507392822474,0.3903257799211905
2019-03-25,-4.82000800000003,-1.0,-10.069992000000042,0.07891303058207788,0.08099968529944068,0.10352293359143609,0.1199635855847615,0.2840953226548395,0.23587507392822474
2019-03-26,4.01998900000001,1.0,4.009980000000041,-0.031176487252124636,-0.022348995472579028,-0.040019272727272716,-0.04218821070492191,-0.07468536228436612,0.2840953226548395
2019-03-27,0.9800109999999904,1.0,0.4100040000000149,0.10505182186234828,0.04149326794063635,0.1544511904761906,0.07426693609664622,0.3692813932591452,-0.07468536228436612
2019-03-28,2.330016999999998,1.0,0.2700189999999907,0.1390094801223242,0.08870624496189702,0.17966837944664038,0.1300759735539925,0.4799490765148214,0.3692813932591452
2019-03-29,0.080016999999998,1.0,-4.119995000000017,0.04913178571428569,0.04427851269927161,0.06458638497652583,0.08050638672594837,0.18703853067124254,0.4799490765148214
2019-04-01,2.7600100000000225,1.0,1.4200140000000374,0.12066997551670061,0.06067213184562098,0.16940978450683655,0.11370255762242353,0.4201808065351056,0.18703853067124254
2019-04-02,-0.8800050000000397,-1.0,-5.299988000000042,0.028442253521126764,0.039135200089425434,0.044382417582417566,0.06537880485527545,0.11961154327619795,0.4201808065351056
2019-04-03,1.4400019999999927,1.0,1.2900080000000003,0.07287149321266971,0.062383772273478175,0.09880122699386508,0.08952476410674465,0.2644060101923532,0.11961154327619795
2019-04-04,-29.919983000000002,-1.0,-31.220002000000022,0.11082148337595904,0.06886134130859191,0.1705952755905511,0.12640743874018515,0.3880846649097503,0.2644060101923532
2019-04-05,2.0799859999999626,1.0,-1.6700140000000374,-0.04929989888776547,-0.008679388960769852,-0.06258998716302959,-0.012210406375819893,-0.13374938734316466,0.3880846649097503
2019-04-08,2.7300109999999904,1.0,-4.51998900000001,0.09258520611797762,0.07002767700901591,0.12835303639532872,0.1176944375508468,0.3286528118679967,-0.13374938734316466
2019-04-09,-1.5500180000000228,-1.0,-3.5900270000000205,-0.023266109785202854,0.03648582343519269,-0.028421282798833807,0.062398204160594835,-0.04890551783101782,0.3286528118679967
2019-04-10,4.42999199999997,1.0,0.580016999999998,0.07991326530612246,0.0938678035737074,0.09997659574468086,0.15331741250372208,0.2873550780471117,-0.04890551783101782
2019-04-11,-7.7600100000000225,-1.0,-10.459992,0.1580852201257861,0.04692423516884429,0.21952445414847155,0.07979629296092237,0.5421167306094783,0.2873550780471117
2019-04-12,1.7999879999999848,1.0,-1.5900259999999662,0.04332639175257731,0.03109635673127944,0.05757068493150684,0.0582306294002723,0.16811880731428766,0.5421167306094783
2019-04-15,0.9299929999999677,1.0,-9.070007000000032,0.08065089927040857,0.047954903043456426,0.11383861160009216,0.07532787487598962,0.2897590200767204,0.16811880731428766
2019-04-16,-0.6300049999999828,-1.0,-1.660004000000015,0.07941589958158993,0.05395589185338137,0.11433975903614453,0.09843861185464234,0.2857341679112184,0.2897590200767204
2019-04-17,1.3900150000000053,1.0,-4.819975999999997,0.0572541501976285,0.03827292547154206,0.07315808080808088,0.06542601448851447,0.21350923878214906,0.2857341679112184
2019-04-18,0.0,0.0,-1.4800109999999904,0.14440373134328366,0.08536865523572615,0.1915851485148516,0.13148735404123338,0.4975288896147813,0.21350923878214906
2019-04-22,-4.2600100000000225,-1.0,-10.779999000000032,0.04321206225680936,0.044585513075646455,0.054706896551724164,0.0774221409489266,0.16774620858184378,0.4975288896147813
2019-04-23,-2.6000060000000076,-1.0,-7.0,0.019167846607669608,0.07375384676232759,0.027018295218295213,0.12756405128790332,0.08938633991191107,0.16774620858184378
2019-04-24,-0.04998799999998482,-1.0,-5.899993999999992,0.07163323029366313,0.0827016186415336,0.10075369565217401,0.1270972619027844,0.2603705231909016,0.08938633991191107
2019-04-25,-3.660004000000015,-1.0,-12.58999700000004,0.07150563991323203,0.062007932595242836,0.10951528239202647,0.10136757775321613,0.25995470736226234,0.2603705231909016
2019-04-26,-1.1300049999999828,-1.0,-16.5,0.0302601023017903,0.04858551686569354,0.04115373913043481,0.07691067649589545,0.12553589505349078,0.25995470736226234
2019-04-29,0.7200019999999654,1.0,-2.9700010000000248,0.0758133867673993,0.0643778679049648,0.09933918016324195,0.09595193271232867,0.27399361312993453,0.12553589505349078
2019-04-30,0.5899970000000394,1.0,-4.470000999999968,0.11503175853018376,0.05022282692206762,0.1641464419475656,0.09111855741575126,0.40180591134022536,0.27399361312993453
2019-05-01,0.1600040000000149,1.0,-7.190001999999993,0.044528658536585386,0.03450871231418921,0.055959386973180106,0.05521393970270275,0.17203698325630332,0.40180591134022536
2019-05-02,11.510008999999968,1.0,3.710005999999936,0.12295839080459768,0.07449341195203257,0.1587148367952522,0.113700470874155,0.4276387300556134,0.17203698325630332
2019-05-03,-0.2400050000000249,-1.0,-0.6100010000000395,0.0691480446927373,0.021691183565185974,0.10293139293139277,0.03961961079763561,0.2522713271035498,0.4276387300556134
2019-05-06,-5.009995000000032,-1.0,-6.529999000000032,0.10164118708519417,0.07365861457389562,0.13168718228031942,0.12188384177486034,0.3581661671640713,0.2522713271035498
2019-05-07,1.4599919999999997,1.0,-10.239989999999977,0.002296232876712325,0.020475048353473014,0.0034384615384615326,0.037134870305677775,0.034401912243340105,0.3581661671640713
2019-05-08,-0.11999600000001465,-1.0,-2.8600009999999827,0.10093901098901098,0.09142746421190294,0.15836982758620688,0.156242239310482,0.35587778198723785,0.034401912243340105
2019-05-09,-2.839995999999985,-1.0,-7.899993999999992,0.1068220149253732,0.076598956288322,0.16548150289017352,0.1359504654653662,0.3750504355087734,0.35587778198723785
2019-05-10,-2.229996,-1.0,-5.959992,0.098252752293578,0.039926034592319005,0.13908506493506495,0.06495429508302644,0.3471232906093865,0.3750504355087734
2019-05-13,-7.510008999999968,-1.0,-15.020004,0.10979085065363525,0.08754611436416072,0.1371582283098278,0.13401252465420288,0.38472584273202975,0.3471232906093865
2019-05-14,2.2900079999999434,1.0,0.990004999999968,-0.04214055118110238,0.038134484742541566,-0.05785783783783785,0.06869616400429475,-0.1104171416902866,0.38472584273202975
2019-05-15,-2.989991000000032,-1.0,-7.059998000000007,0.029831140350877187,0.03672097304498622,0.0393150289017341,0.05814154065456152,0.12413791216112087,-0.1104171416902866
2019-05-16,-2.4599920000000566,-1.0,-5.449997000000025,0.03176194690265489,0.009281863355425295,0.040101675977653656,0.015654485957657588,0.1304303922333398,0.12413791216112087
2019-05-17,-6.369995000000017,-1.0,-19.410004000000015,-0.1060217630853996,0.057600497298844436,-0.12701617161716192,0.09211004634132393,-0.3186053998702106,0.1304303922333398
2019-05-20,-8.229996000000028,-1.0,-15.779999000000032,0.01702276683889586,0.04037987726126429,0.02154638397904246,0.05811901447557807,0.08239554547634151,-0.3186053998702106
2019-05-21,-7.600006000000008,-1.0,-9.32000800000003,0.013244754098360659,0.052801361959339085,0.017044936708860762,0.10065259623499016,0.07008303811483553,0.08239554547634151
2019-05-22,-5.979996,-1.0,-13.300003000000004,-0.034157393483709074,-0.0454048677131272,-0.04212921174652217,-0.06888419094120818,-0.08440010716242155,0.07008303811483553
2019-05-23,1.6099999999999852,1.0,-6.5099950000000035,0.033144945355191316,0.034877667996740004,0.040436833333333415,0.05993064078313071,0.1349375709532808,-0.08440010716242155
2019-05-24,4.339997000000011,1.0,-6.7400049999999965,0.04921754143646415,0.06056864047937945,0.06207926829268301,0.10342381062988378,0.1873180077490419,0.1349375709532808
2019-05-28,0.569991999999985,1.0,-2.7799990000000037,0.10238296587399871,0.06024878529036897,0.12938875046067974,0.10073715379099939,0.36058361713711506,0.1873180077490419
2019-05-29,-1.5999909999999886,-1.0,-3.660004000000015,0.1051213855421687,0.08065293993155431,0.13849325396825402,0.1251251217629721,0.3695081006258761,0.36058361713711506
2019-05-30,-1.1100010000000111,-1.0,-2.839997000000011,0.04968944954128438,0.04037742883663591,0.06584984802431608,0.06544445714785598,0.18885595174595127,0.3695081006258761
2019-05-31,-3.1199949999999887,-1.0,-4.119994999999989,0.04150969162995592,0.048903012299566784,0.05369059829059825,0.08222950957038266,0.16219819900256027,0.18885595174595127
2019-06-03,0.3499909999999886,1.0,-8.169999000000018,0.05513128654132752,0.07282213035905664,0.07439744305207462,0.1140906021828243,0.20659084644449466,0.16219819900256027
2019-06-04,2.1300050000000113,1.0,0.6400000000000148,0.08903881748071972,0.037128319243357834,0.11507009966777397,0.05777166474266478,0.3170951652421642,0.20659084644449466
2019-06-05,5.0799869999999885,1.0,-1.75,0.08789429347826082,0.04079308548737896,0.13148414634146335,0.06886172229062136,0.31336517247255297,0.3170951652421642
2019-06-06,7.850006000000008,1.0,5.210007000000019,0.06444946619217076,0.08072277426014085,0.08583080568720372,0.12129999768502447,0.2369587047409677,0.31336517247255297
2019-06-07,-0.9499969999999962,-1.0,-2.449996999999996,0.07986222222222213,0.05787168022306913,0.10539002932551307,0.09401536498332527,0.2871887291252212,0.2369587047409677
2019-06-10,5.75,1.0,4.5099950000000035,0.07916153377705383,0.07469312182961607,0.10570368517716365,0.12403466059724895,0.28490519218880667,0.2871887291252212
2019-06-11,6.2599940000000345,1.0,0.6199950000000172,0.1503000000000001,0.09604485769606734,0.2261796116504856,0.17617695790402885,0.5167447727329928,0.28490519218880667
2019-06-12,5.849991000000017,1.0,-8.100006000000008,0.13293950617283948,0.11259745715532757,0.2090893203883495,0.1940509367996071,0.4601670895100362,0.5167447727329928
2019-06-13,1.1200099999999793,1.0,-1.75,0.0810111111111111,0.060453374252578476,0.10917994923857867,0.10772060982590324,0.2909329470179311,0.4601670895100362
2019-06-14,-2.660004000000015,-1.0,-3.5100100000000225,0.06883395522388057,0.061985118611251326,0.08580232558139532,0.10382507367384597,0.25124771253074085,0.2909329470179311
2019-06-17,0.5599980000000073,1.0,-0.6499939999999924,0.09898519621342512,0.06742896263248947,0.12527044096267637,0.11456021221606905,0.3495103183338431,0.25124771253074085
2019-06-18,3.690001999999936,1.0,-2.4700010000000248,0.1168319444444444,0.0662385533544388,0.1743398963730569,0.1184888407830955,0.4076727000049649,0.3495103183338431
2019-06-19,0.36999600000001465,1.0,-3.6800069999999607,0.0995750830564783,0.04196540885286735,0.1413778301886791,0.06648204244585827,0.35143275390946244,0.4076727000049649
2019-06-20,-3.4299930000000245,-1.0,-10.079987000000017,0.14251129568106302,0.0698399982262109,0.1889687224669602,0.1025455583711682,0.4913614599043754,0.35143275390946244
2019-06-21,-3.3999940000000493,-1.0,-4.119995000000017,0.008820902612826606,0.03907404220595601,0.011052380952380956,0.07343826682458697,0.055665748464792886,0.4913614599043754
2019-06-24,1.3800039999999854,1.0,-0.8399969999999826,0.06363240988314518,0.06209017590936172,0.07973294462059428,0.10624239744946173,0.2342959260500157,0.055665748464792886
2019-06-25,0.75,1.0,-4.149994000000049,0.043353140096618364,0.05618593215694664,0.05341726190476191,0.08679468624244742,0.1682059799115052,0.2342959260500157
2019-06-26,0.5500029999999754,1.0,-1.6599890000000244,0.08180047846889954,0.03757526478040833,0.11101493506493508,0.06040946414696416,0.29350548768181617,0.1682059799115052
2019-06-27,0.1799930000000245,1.0,-1.9199979999999925,0.052142819843342084,0.0182343066304508,0.06839280821917812,0.0302326382660721,0.19685146207880064,0.29350548768181617
2019-06-28,-1.849991000000017,-1.0,-2.0399930000000097,0.08661842105263162,0.05078587604930804,0.10971666666666673,0.07876993019892675,0.3092071164489841,0.19685146207880064
2019-07-01,6.75,1.0,2.819992000000042,0.10054675810738967,0.07599533536664091,0.12276809058670472,0.11205542686161214,0.3545994336003422,0.3092071164489841
2019-07-02,1.7200010000000248,1.0,-4.949997000000025,0.0767526315789474,0.06573925723399404,0.10416428571428576,0.11565239698573028,0.27705460298112394,0.3545994336003422
2019-07-03,14.839996000000042,1.0,9.959992000000057,0.05602752293577981,0.04922940827011928,0.07357831325301202,0.08049008252164504,0.20951167227600845,0.27705460298112394
2019-07-05,-0.3299870000000169,-1.0,-4.099991000000017,0.13084358974358962,0.0639200298158631,0.18271253196930928,0.09914868261210584,0.4533365179274256,0.20951167227600845
2019-07-08,-1.8600010000000395,-1.0,-4.440001999999993,0.1246549572649573,0.10077402719550155,0.15775370971289876,0.1556143599787306,0.4331678239118461,0.4533365179274256
2019-07-09,-1.3699950000000172,-1.0,-3.059996999999953,0.1313851674641149,0.06037094975731337,0.17715806451612914,0.092775944847636,0.4551015145351001,0.4331678239118461
2019-07-10,4.089995999999985,1.0,3.08000100000001,0.07799887640449434,0.06149227029212988,0.109608947368421,0.09490425530635074,0.2811161029395946,0.4551015145351001
2019-07-11,-0.7799989999999752,-1.0,-3.119995000000017,0.17296581469648564,0.0442335112716788,0.2265200836820084,0.0814417001649145,0.5906124458910974,0.2811161029395946
2019-07-12,1.1499939999999924,1.0,1.1100009999999827,0.12527416666666674,0.045224713117570266,0.16164408602150546,0.07752807963012044,0.4351858214254758,0.5906124458910974
